Obs#,Time,Date,configName,configAuthor,remark,id,,,gsw,gbw,gtw,E_apparent,VPcham,VPref,VPleaf,VPDleaf,H2O_r,H2O_s,H2O_leaf,leaf_area,leaf_width,flashID,Fo,Fm,Fv/Fm,Fs,Fm',PhiPS2,PS2/1,abs,ETR,TRANS,rh_s,rh_r,Tref,Tmeas,Tleaf,P_atm,flow,flow_s,leak_pct,Qamb,batt,match_time,match_date,rh_adj,type,gsw1sec,gsw2sec,gsw4sec,flr1sec,flr2sec,flr4sec,auto,flow_set,gsw_limit,gsw_period,aw,Bla,Blb,Blc,Bld,Ble,chamber,dark,flash_type,flash_intensity,modrate,flr_limit,flr_period,P1_dur,P2_dur,P3_dur,P1_Fmax,P2_ramp,P2_slp,P3_Fmax,P3_Pred,P3_DeltaF,v_humA,v_humB,v_flowIn,v_flowOut,v_temp,v_irt,v_pres,v_par,v_F,i_LED,b_rhr,m_rhr,span_rhr,b_rhs,m_rhs,span_rhs,z_flowIn,z_flowOut,z_quantum,z_flr,flashId,lciSerNum,lcpSerNum,lcfSerNum,lcrhSerNum,version
flashId,time,date,lciSerialNumber,lcpSerialNumber,lcfSerialNumber,Fm,Fo,Fv/Fm,Fm',Fs,PhiPS2,LightIntensity,data[],FLASH_HEADER_END,,,,,,,,,,,,,,,,,,,,,,,,,,,,,,,,,,,,,,,,,,,,,,,,,,,,,,,,,,,,,,,,,,,,,,,,,,,,,,,,,,,,,,,,,,,
1,10:19:27,8/4/26,TT25_psf,eap,,dust_06_06,,,0.22574,2.922556,0.209554,4.873383,2.000503,1.879011,4.034674,2.03417,20.765707,22.108366,44.588806,0.441786,7.5,PSF-00438_20260804101927_30c,0,0,0,120.629311,321.773834,0.625112,0.5,0.8,102.950668,1,44.23,41.54,31.05,29.06,29.06,90.49,156.8,156.7,0,412,3.728,10:18:52,8/4/26,-0.38,1,0.002,0.002,-9999,0.031,-0.226,-9999,1,150,0.005,2,0.058905,0,0.02923,0,0,-0.000068,standard,0,mpf,7000,500,5,2,300,300,300,316.58255,25,-3.7728,315.342651,316.380646,-1.037994,2.454887,2.473092,1.656388,0.938155,0.214638,-0.023526,0.061044,0.47768,120.629311,0.000246,2.38896,-0.000025,1,2.402765,-0.000034,1,0.600816,0.600971,0.107301,0,PSF-00438_20260804101927_30c,PFA-00474,PSA-00486,PSF-00438,RHS-00603,3.0.0
PSF-00438_20260804101927_30c,10:19:27,8/4/26,PFA-00474,PSA-00486,PSF-00438,dust_06_06,0,0,321.773834,120.629311,0.625112,418.415039,TIME,0,0.01,0.02,0.03,0.04,0.05,0.06,0.07,0.08,0.09,0.1,0.11,0.12,0.13,0.14,0.15,0.16,0.17,0.18,0.19,0.2,0.21,0.22,0.23,0.24,0.25,0.26,0.27,0.28,0.29,0.3,0.31,0.32,0.33,0.34,0.35,0.36,0.37,0.38,0.39,0.4,0.41,0.42,0.43,0.44,0.45,0.46,0.47,0.48,0.49,0.5,0.51,0.52,0.53,0.54,0.55,0.56,0.57,0.58,0.59,0.6,0.61,0.62,0.63,0.64,0.65,0.66,0.67,0.68,0.69,0.7,0.71,0.72,0.73,0.74,0.75,0.76,0.77,0.78,0.79,0.8,0.81,0.82,0.83,0.839999,0.849999,0.859999,0.869999,0.879999,0.889999,FLR,230.919601
2,10:20:01,8/4/26,TT25_psf,eap,,nodust_06_16,,,0.306942,2.922997,0.277773,5.809883,2.118004,1.973394,3.947363,1.829358,21.806599,23.404593,43.619556,0.441786,7.5,PSF-00438_20260804102001_bfd,0,0,0,138.329742,358.196106,0.613816,0.5,0.8,99.823257,1,46.45,43.28,31.19,28.68,28.68,90.5,156.9,156.9,0,407,3.757,10:18:52,8/4/26,-0.38,1,0.001,0.001,0.01,0.153,0.29,0.771,1,150,0.005,2,0.058905,0,0.02923,0,0,-0.000068,standard,0,mpf,7000,500,5,2,300,300,300,351.24707,25,-5.303792,348.866333,350.61438,-1.748047,2.457183,2.476033,1.656851,0.938517,0.213444,-0.029664,0.065748,0.473037,138.329742,0.000249,2.38896,-0.000025,1,2.402765,-0.000034,1,0.600816,0.600971,0.107301,0,PSF-00438_20260804102001_bfd,PFA-00474,PSA-00486,PSF-00438,RHS-00603,3.0.0
PSF-00438_20260804102001_bfd,10:20:01,8/4/26,PFA-00474,PSA-00486,PSF-00438,nodust_06_16,0,0,358.196106,138.329742,0.613816,413.254395,TIME,0,0.01,0.02,0.03,0.04,0.05,0.06,0.07,0.08,0.09,0.1,0.11,0.12,0.13,0.14,0.15,0.16,0.17,0.18,0.19,0.2,0.21,0.22,0.23,0.24,0.25,0.26,0.27,0.28,0.29,0.3,0.31,0.32,0.33,0.34,0.35,0.36,0.37,0.38,0.39,0.4,0.41,0.42,0.43,0.44,0.45,0.46,0.47,0.48,0.49,0.5,0.51,0.52,0.53,0.54,0.55,0.56,0.57,0.58,0.59,0.6,0.61,0.62,0.63,0.64,0.65,0.66,0.67,0.68,0.69,0.7,0.71,0.72,0.73,0.74,0.75,0.76,0.77,0.78,0.79,0.8,0.81,0.82,0.83,0.839999,0.849999,0.859999,0.869999,0.879999,0.889999,FLR,258.455872
3,10:20:25,8/4/26,TT25_psf,eap,,dust_09_09,,,0.300496,2.922292,0.272477,5.632601,2.17178,2.031585,3.978951,1.807171,22.449139,23.998297,43.96764,0.441786,7.5,PSF-00438_20260804102025_708,0,0,0,123.640182,292.627502,0.577483,0.5,0.8,128.458481,1,47.41,44.35,31.27,28.82,28.82,90.5,156.8,157.2,-0.3,556,3.756,10:18:52,8/4/26,-0.38,1,0.003,0.003,0.015,0.422,1.152,2.388,1,150,0.005,2,0.058905,0,0.02923,0,0,-0.000068,standard,0,mpf,7000,500,5,2,300,300,300,286.040771,25,-4.514602,285.759338,286.17392,-0.414581,2.45859,2.477289,1.656111,0.939265,0.212756,-0.029042,0.068945,0.607564,123.640182,0.000247,2.38896,-0.000025,1,2.402765,-0.000034,1,0.600816,0.600971,0.107301,0,PSF-00438_20260804102025_708,PFA-00474,PSA-00486,PSF-00438,RHS-00603,3.0.0
PSF-00438_20260804102025_708,10:20:25,8/4/26,PFA-00474,PSA-00486,PSF-00438,dust_09_09,0,0,292.627502,123.640182,0.577483,562.799805,TIME,0,0.01,0.02,0.03,0.04,0.05,0.06,0.07,0.08,0.09,0.1,0.11,0.12,0.13,0.14,0.15,0.16,0.17,0.18,0.19,0.2,0.21,0.22,0.23,0.24,0.25,0.26,0.27,0.28,0.29,0.3,0.31,0.32,0.33,0.34,0.35,0.36,0.37,0.38,0.39,0.4,0.41,0.42,0.43,0.44,0.45,0.46,0.47,0.48,0.49,0.5,0.51,0.52,0.53,0.54,0.55,0.56,0.57,0.58,0.59,0.6,0.61,0.62,0.63,0.64,0.65,0.66,0.67,0.68,0.69,0.7,0.71,0.72,0.73,0.74,0.75,0.76,0.77,0.78,0.79,0.8,0.81,0.82,0.83,0.839999,0.849999,0.859999,0.869999,0.879999,0.889999,FLR,218.422653
4,10:20:52,8/4/26,TT25_psf,eap,,dust_05_05,,,0.338142,2.923022,0.303081,6.170018,2.223883,2.070498,4.002744,1.778861,22.880011,24.574991,44.232269,0.441786,7.5,PSF-00438_20260804102052_1bf,0,0,0,132.922409,378.860474,0.649152,0.5,0.8,127.766235,1,48.34,45,31.35,28.92,28.92,90.49,156.9,157.4,-0.3,492,3.755,10:18:52,8/4/26,-0.38,1,-0.001,0,0.011,0.048,0.124,0.271,1,150,0.005,2,0.058905,0,0.02923,0,0,-0.000068,standard,0,mpf,7000,500,5,2,300,300,300,363.228668,25,-10.702359,362.278809,363.561554,-1.282745,2.459443,2.478504,1.656876,0.939841,0.21212,-0.02875,0.07251,0.549934,132.922409,0.000247,2.38896,-0.000025,1,2.402765,-0.000034,1,0.600816,0.600971,0.107301,0,PSF-00438_20260804102052_1bf,PFA-00474,PSA-00486,PSF-00438,RHS-00603,3.0.0
PSF-00438_20260804102052_1bf,10:20:52,8/4/26,PFA-00474,PSA-00486,PSF-00438,dust_05_05,0,0,378.860474,132.922409,0.649152,498.736267,TIME,0,0.01,0.02,0.03,0.04,0.05,0.06,0.07,0.08,0.09,0.1,0.11,0.12,0.13,0.14,0.15,0.16,0.17,0.18,0.19,0.2,0.21,0.22,0.23,0.24,0.25,0.26,0.27,0.28,0.29,0.3,0.31,0.32,0.33,0.34,0.35,0.36,0.37,0.38,0.39,0.4,0.41,0.42,0.43,0.44,0.45,0.46,0.47,0.48,0.49,0.5,0.51,0.52,0.53,0.54,0.55,0.56,0.57,0.58,0.59,0.6,0.61,0.62,0.63,0.64,0.65,0.66,0.67,0.68,0.69,0.7,0.71,0.72,0.73,0.74,0.75,0.76,0.77,0.78,0.79,0.8,0.81,0.82,0.83,0.839999,0.849999,0.859999,0.869999,0.879999,0.889999,FLR,248.487
5,10:21:19,8/4/26,TT25_psf,eap,,nodust_05_15,,,0.367188,2.921966,0.326196,6.034578,2.228668,2.078532,3.846592,1.617924,22.968796,24.627867,42.506714,0.441786,7.5,PSF-00438_20260804102119_367,0,0,0,130.663269,352.89621,0.62974,0.5,0.8,117.982689,1,48.26,45.01,31.41,28.23,28.23,90.49,156.7,156.4,0.2,468,3.754,10:18:52,8/4/26,-0.38,1,0.003,0.003,0.015,0.016,-0.294,-0.959,1,150,0.005,2,0.058905,0,0.02923,0,0,-0.000068,standard,0,mpf,7000,500,5,2,300,300,300,345.595825,25,-5.413148,344.228271,345.158173,-0.929901,2.459441,2.478391,1.655769,0.937393,0.211583,-0.037546,0.076013,0.528639,130.663269,0.000247,2.38896,-0.000025,1,2.402765,-0.000034,1,0.600816,0.600971,0.107301,0,PSF-00438_20260804102119_367,PFA-00474,PSA-00486,PSF-00438,RHS-00603,3.0.0
PSF-00438_20260804102119_367,10:21:19,8/4/26,PFA-00474,PSA-00486,PSF-00438,nodust_05_15,0,0,352.89621,130.663269,0.62974,475.06424,TIME,0,0.01,0.02,0.03,0.04,0.05,0.06,0.07,0.08,0.09,0.1,0.11,0.12,0.13,0.14,0.15,0.16,0.17,0.18,0.19,0.2,0.21,0.22,0.23,0.24,0.25,0.26,0.27,0.28,0.29,0.3,0.31,0.32,0.33,0.34,0.35,0.36,0.37,0.38,0.39,0.4,0.41,0.42,0.43,0.44,0.45,0.46,0.47,0.48,0.49,0.5,0.51,0.52,0.53,0.54,0.55,0.56,0.57,0.58,0.59,0.6,0.61,0.62,0.63,0.64,0.65,0.66,0.67,0.68,0.69,0.7,0.71,0.72,0.73,0.74,0.75,0.76,0.77,0.78,0.79,0.8,0.81,0.82,0.83,0.839999,0.849999,0.859999,0.869999,0.879999,0.889999,FLR,249.848846
6,10:21:40,8/4/26,TT25_psf,eap,,dust_08_08,,,0.119803,2.9234,0.115086,2.740662,2.18858,2.120441,4.266721,2.078142,23.432035,24.185003,47.149609,0.441786,7.5,PSF-00438_20260804102140_9fb,0,0,0,157.767899,379.01712,0.583745,0.5,0.8,99.017525,1,47.27,45.8,31.45,30.03,30.03,90.49,156.9,157.3,-0.2,424,3.753,10:18:52,8/4/26,-0.38,1,0,0.001,-9999,-0.345,-0.833,-9999,1,150,0.005,2,0.058905,0,0.02923,0,0,-0.000068,standard,0,mpf,7000,500,5,2,300,300,300,369.792572,25,-6.718136,368.001953,369.413605,-1.411652,2.460482,2.477069,1.657274,0.939508,0.211216,-0.016979,0.078683,0.488774,157.767899,0.000247,2.38896,-0.000025,1,2.402765,-0.000034,1,0.600816,0.600971,0.107301,0,PSF-00438_20260804102140_9fb,PFA-00474,PSA-00486,PSF-00438,RHS-00603,3.0.0
PSF-00438_20260804102140_9fb,10:21:40,8/4/26,PFA-00474,PSA-00486,PSF-00438,dust_08_08,0,0,379.01712,157.767899,0.583745,430.74762,TIME,0,0.01,0.02,0.03,0.04,0.05,0.06,0.07,0.08,0.09,0.1,0.11,0.12,0.13,0.14,0.15,0.16,0.17,0.18,0.19,0.2,0.21,0.22,0.23,0.24,0.25,0.26,0.27,0.28,0.29,0.3,0.31,0.32,0.33,0.34,0.35,0.36,0.37,0.38,0.39,0.4,0.41,0.42,0.43,0.44,0.45,0.46,0.47,0.48,0.49,0.5,0.51,0.52,0.53,0.54,0.55,0.56,0.57,0.58,0.59,0.6,0.61,0.62,0.63,0.64,0.65,0.66,0.67,0.68,0.69,0.7,0.71,0.72,0.73,0.74,0.75,0.76,0.77,0.78,0.79,0.8,0.81,0.82,0.83,0.839999,0.849999,0.859999,0.869999,0.879999,0.889999,FLR,276.213531
7,10:22:02,8/4/26,TT25_psf,eap,,dust_07_07,,,0.108389,2.921003,0.104511,2.604728,2.17819,2.113304,4.352045,2.173855,23.354456,24.071522,48.095142,0.441786,7.5,PSF-00438_20260804102202_1fe,0,0,0,122.94352,336.461334,0.634598,0.5,0.8,117.653847,1,46.93,45.53,31.5,30.37,30.37,90.49,156.6,157.3,-0.4,463,3.752,10:18:52,8/4/26,-0.38,1,0,-0.001,-9999,0.048,0.438,-9999,1,150,0.005,2,0.058905,0,0.02923,0,0,-0.000068,standard,0,mpf,7000,500,5,2,300,300,300,322.055695,25,-10.215723,320.347656,321.858032,-1.510376,2.460111,2.476598,1.654762,0.939456,0.210839,-0.013419,0.081464,0.524248,122.94352,0.000247,2.38896,-0.000025,1,2.402765,-0.000034,1,0.600816,0.600971,0.107301,0,PSF-00438_20260804102202_1fe,PFA-00474,PSA-00486,PSF-00438,RHS-00603,3.0.0
PSF-00438_20260804102202_1fe,10:22:02,8/4/26,PFA-00474,PSA-00486,PSF-00438,dust_07_07,0,0,336.461334,122.94352,0.634598,470.183075,TIME,0,0.01,0.02,0.03,0.04,0.05,0.06,0.07,0.08,0.09,0.1,0.11,0.12,0.13,0.14,0.15,0.16,0.17,0.18,0.19,0.2,0.21,0.22,0.23,0.24,0.25,0.26,0.27,0.28,0.29,0.3,0.31,0.32,0.33,0.34,0.35,0.36,0.37,0.38,0.39,0.4,0.41,0.42,0.43,0.44,0.45,0.46,0.47,0.48,0.49,0.5,0.51,0.52,0.53,0.54,0.55,0.56,0.57,0.58,0.59,0.6,0.61,0.62,0.63,0.64,0.65,0.66,0.67,0.68,0.69,0.7,0.71,0.72,0.73,0.74,0.75,0.76,0.77,0.78,0.79,0.8,0.81,0.82,0.83,0.839999,0.849999,0.859999,0.869999,0.879999,0.889999,FLR,217.109802
8,10:22:31,8/4/26,TT25_psf,eap,,nodust_08_18,,,0.174336,2.923113,0.164523,4.172153,2.270244,2.16659,4.479419,2.209175,23.942671,25.088127,49.501396,0.441786,7.5,PSF-00438_20260804102231_685,0,0,0,203.590042,330.392273,0.383793,0.5,0.8,105.644615,1,48.74,46.52,31.56,30.88,30.88,90.49,156.9,157.4,-0.3,688,3.751,10:18:52,8/4/26,-0.38,1,0.002,0.003,-9999,1.639,2.958,-9999,1,150,0.005,2,0.058905,0,0.02923,0,0,-0.000068,standard,0,mpf,7000,500,5,2,300,300,300,323.498016,25,-5.283743,321.753845,322.839203,-1.085358,2.461401,2.478992,1.656973,0.939873,0.21033,-0.008131,0.085174,0.726349,203.590042,0.000247,2.38896,-0.000025,1,2.402765,-0.000034,1,0.600816,0.600971,0.107301,0,PSF-00438_20260804102231_685,PFA-00474,PSA-00486,PSF-00438,RHS-00603,3.0.0
PSF-00438_20260804102231_685,10:22:31,8/4/26,PFA-00474,PSA-00486,PSF-00438,nodust_08_18,0,0,330.392273,203.590042,0.383793,694.84729,TIME,0,0.01,0.02,0.03,0.04,0.05,0.06,0.07,0.08,0.09,0.1,0.11,0.12,0.13,0.14,0.15,0.16,0.17,0.18,0.19,0.2,0.21,0.22,0.23,0.24,0.25,0.26,0.27,0.28,0.29,0.3,0.31,0.32,0.33,0.34,0.35,0.36,0.37,0.38,0.39,0.4,0.41,0.42,0.43,0.44,0.45,0.46,0.47,0.48,0.49,0.5,0.51,0.52,0.53,0.54,0.55,0.56,0.57,0.58,0.59,0.6,0.61,0.62,0.63,0.64,0.65,0.66,0.67,0.68,0.69,0.7,0.71,0.72,0.73,0.74,0.75,0.76,0.77,0.78,0.79,0.8,0.81,0.82,0.83,0.839999,0.849999,0.859999,0.869999,0.879999,0.889999,FLR,281.092987
9,10:22:55,8/4/26,TT25_psf,eap,,nodust_03_13,,,0.259675,2.921942,0.238481,5.112556,2.303854,2.176774,4.174262,1.870409,24.056334,25.460743,46.131321,0.441786,7.5,PSF-00438_20260804102255_d93,0,0,0,125.195862,369.190979,0.660891,0.5,0.8,138.831268,1,49.33,46.61,31.61,29.64,29.64,90.49,156.7,156.4,0.2,525,3.749,10:18:52,8/4/26,-0.38,1,0.005,0.005,0.013,-0.129,0.126,0.012,1,150,0.005,2,0.058905,0,0.02923,0,0,-0.000068,standard,0,mpf,7000,500,5,2,300,300,300,352.867828,25,-11.199932,351.728455,353.180786,-1.452332,2.461509,2.479755,1.655744,0.937348,0.209928,-0.023376,0.088231,0.579724,125.195862,0.000246,2.38896,-0.000025,1,2.402765,-0.000034,1,0.600816,0.600971,0.107301,0,PSF-00438_20260804102255_d93,PFA-00474,PSA-00486,PSF-00438,RHS-00603,3.0.0
PSF-00438_20260804102255_d93,10:22:55,8/4/26,PFA-00474,PSA-00486,PSF-00438,nodust_03_13,0,0,369.190979,125.195862,0.660891,531.852539,TIME,0,0.01,0.02,0.03,0.04,0.05,0.06,0.07,0.08,0.09,0.1,0.11,0.12,0.13,0.14,0.15,0.16,0.17,0.18,0.19,0.2,0.21,0.22,0.23,0.24,0.25,0.26,0.27,0.28,0.29,0.3,0.31,0.32,0.33,0.34,0.35,0.36,0.37,0.38,0.39,0.4,0.41,0.42,0.43,0.44,0.45,0.46,0.47,0.48,0.49,0.5,0.51,0.52,0.53,0.54,0.55,0.56,0.57,0.58,0.59,0.6,0.61,0.62,0.63,0.64,0.65,0.66,0.67,0.68,0.69,0.7,0.71,0.72,0.73,0.74,0.75,0.76,0.77,0.78,0.79,0.8,0.81,0.82,0.83,0.839999,0.849999,0.859999,0.869999,0.879999,0.889999,FLR,239.70723
10,10:23:30,8/4/26,TT25_psf,eap,,dust_10_10,,,0.583792,2.923469,0.486618,8.852003,2.420416,2.200938,4.00801,1.587594,24.322845,26.748322,44.29303,0.441786,7.5,PSF-00438_20260804102330_372,0,0,0,217.456345,370.738434,0.413451,0.5,0.8,104.975281,1,51.64,46.95,31.67,28.94,28.94,90.49,156.9,157.5,-0.4,635,3.748,10:18:52,8/4/26,-0.38,1,0,0.004,0.012,0.353,0.733,1.063,1,150,0.005,2,0.058905,0,0.02923,0,0,-0.000068,standard,0,mpf,7000,500,5,2,300,300,300,363.028778,25,-6.040126,360.568298,362.104126,-1.535828,2.461955,2.48279,1.657346,0.940208,0.209406,-0.032436,0.092729,0.678303,217.456345,0.000248,2.38896,-0.000025,1,2.402765,-0.000034,1,0.600816,0.600971,0.107301,0,PSF-00438_20260804102330_372,PFA-00474,PSA-00486,PSF-00438,RHS-00603,3.0.0
PSF-00438_20260804102330_372,10:23:30,8/4/26,PFA-00474,PSA-00486,PSF-00438,dust_10_10,0,0,370.738434,217.456345,0.413451,641.436584,TIME,0,0.01,0.02,0.03,0.04,0.05,0.06,0.07,0.08,0.09,0.1,0.11,0.12,0.13,0.14,0.15,0.16,0.17,0.18,0.19,0.2,0.21,0.22,0.23,0.24,0.25,0.26,0.27,0.28,0.29,0.3,0.31,0.32,0.33,0.34,0.35,0.36,0.37,0.38,0.39,0.4,0.41,0.42,0.43,0.44,0.45,0.46,0.47,0.48,0.49,0.5,0.51,0.52,0.53,0.54,0.55,0.56,0.57,0.58,0.59,0.6,0.61,0.62,0.63,0.64,0.65,0.66,0.67,0.68,0.69,0.7,0.71,0.72,0.73,0.74,0.75,0.76,0.77,0.78,0.79,0.8,0.81,0.82,0.83,0.839999,0.849999,0.859999,0.869999,0.879999,0.889999,FLR,310.886993
11,10:24:09,8/4/26,TT25_psf,eap,,dust_03_03,,,0.140852,2.921125,0.134373,3.080827,2.333685,2.257078,4.332026,1.99834,24.942228,25.788788,47.871788,0.441786,7.5,PSF-00438_20260804102409_1ab,0,0,0,226.819397,339.353149,0.331613,0.5,0.8,92.950005,1,49.59,47.96,31.74,30.29,30.29,90.49,156.6,157.2,-0.3,701,3.746,10:18:52,8/4/26,-0.38,1,0,0,-9999,3.1,3.237,-9999,1,150,0.005,2,0.058905,0,0.02923,0,0,-0.000068,standard,0,mpf,7000,500,5,2,300,300,300,332.989441,25,-5.236355,329.346313,331.867828,-2.521515,2.463269,2.480073,1.654889,0.939208,0.208839,-0.017313,0.097469,0.737667,226.819397,0.000247,2.38896,-0.000025,1,2.402765,-0.000034,1,0.600816,0.600971,0.107301,0,PSF-00438_20260804102409_1ab,PFA-00474,PSA-00486,PSF-00438,RHS-00603,3.0.0
PSF-00438_20260804102409_1ab,10:24:09,8/4/26,PFA-00474,PSA-00486,PSF-00438,dust_03_03,0,0,339.353149,226.819397,0.331613,707.428345,TIME,0,0.01,0.02,0.03,0.04,0.05,0.06,0.07,0.08,0.09,0.1,0.11,0.12,0.13,0.14,0.15,0.16,0.17,0.18,0.19,0.2,0.21,0.22,0.23,0.24,0.25,0.26,0.27,0.28,0.29,0.3,0.31,0.32,0.33,0.34,0.35,0.36,0.37,0.38,0.39,0.4,0.41,0.42,0.43,0.44,0.45,0.46,0.47,0.48,0.49,0.5,0.51,0.52,0.53,0.54,0.55,0.56,0.57,0.58,0.59,0.6,0.61,0.62,0.63,0.64,0.65,0.66,0.67,0.68,0.69,0.7,0.71,0.72,0.73,0.74,0.75,0.76,0.77,0.78,0.79,0.8,0.81,0.82,0.83,0.839999,0.849999,0.859999,0.869999,0.879999,0.889999,FLR,295.532928
12,10:24:39,8/4/26,TT25_psf,eap,,nodust_01_11,,,0.422924,2.922101,0.369452,7.355599,2.411782,2.229195,4.148016,1.736234,24.635731,26.65357,45.841396,0.441786,7.5,PSF-00438_20260804102439_01c,0,0,0,222.167725,359.532684,0.382065,0.5,0.8,118.326004,1,51.15,47.28,31.78,29.54,29.54,90.49,156.8,157.2,-0.3,774,3.745,10:18:52,8/4/26,-0.38,1,0.007,0.001,0.015,-0.359,-0.431,-0.607,1,150,0.005,2,0.058905,0,0.02923,0,0,-0.000068,standard,0,mpf,7000,500,5,2,300,300,300,351.833221,25,-5.305614,350.86261,351.948364,-1.085754,2.462364,2.482131,1.655911,0.939201,0.208568,-0.026671,0.101075,0.803794,222.167725,0.000247,2.38896,-0.000025,1,2.402765,-0.000034,1,0.600816,0.600971,0.107301,0,PSF-00438_20260804102439_01c,PFA-00474,PSA-00486,PSF-00438,RHS-00603,3.0.0
PSF-00438_20260804102439_01c,10:24:39,8/4/26,PFA-00474,PSA-00486,PSF-00438,nodust_01_11,0,0,359.532684,222.167725,0.382065,780.938232,TIME,0,0.01,0.02,0.03,0.04,0.05,0.06,0.07,0.08,0.09,0.1,0.11,0.12,0.13,0.14,0.15,0.16,0.17,0.18,0.19,0.2,0.21,0.22,0.23,0.24,0.25,0.26,0.27,0.28,0.29,0.3,0.31,0.32,0.33,0.34,0.35,0.36,0.37,0.38,0.39,0.4,0.41,0.42,0.43,0.44,0.45,0.46,0.47,0.48,0.49,0.5,0.51,0.52,0.53,0.54,0.55,0.56,0.57,0.58,0.59,0.6,0.61,0.62,0.63,0.64,0.65,0.66,0.67,0.68,0.69,0.7,0.71,0.72,0.73,0.74,0.75,0.76,0.77,0.78,0.79,0.8,0.81,0.82,0.83,0.839999,0.849999,0.859999,0.869999,0.879999,0.889999,FLR,300.573364
13,10:25:08,8/4/26,TT25_psf,eap,,nodust_04_14,,,0.322218,2.922059,0.290216,6.519444,2.370117,2.208186,4.3278,1.957683,24.400925,26.190298,47.823109,0.441786,7.5,PSF-00438_20260804102508_378,0,0,0,169.747345,251.644211,0.325447,0.5,0.8,105.411171,1,50.22,46.79,31.79,30.27,30.27,90.5,156.7,157.3,-0.4,810,3.744,10:18:52,8/4/26,-0.38,1,0.003,0.004,0.011,-0.659,-1.228,-1.645,1,150,0.005,2,0.058905,0,0.02923,0,0,-0.000068,standard,0,mpf,7000,500,5,2,300,300,300,244.719742,25,-4.7643,243.261688,244.833679,-1.571991,2.461708,2.48089,1.655866,0.939674,0.208417,-0.01814,0.104311,0.835719,169.747345,0.000245,2.38896,-0.000025,1,2.402765,-0.000034,1,0.600816,0.600971,0.107301,0,PSF-00438_20260804102508_378,PFA-00474,PSA-00486,PSF-00438,RHS-00603,3.0.0
PSF-00438_20260804102508_378,10:25:08,8/4/26,PFA-00474,PSA-00486,PSF-00438,nodust_04_14,0,0,251.644211,169.747345,0.325447,816.427124,TIME,0,0.01,0.02,0.03,0.04,0.05,0.06,0.07,0.08,0.09,0.1,0.11,0.12,0.13,0.14,0.15,0.16,0.17,0.18,0.19,0.2,0.21,0.22,0.23,0.24,0.25,0.26,0.27,0.28,0.29,0.3,0.31,0.32,0.33,0.34,0.35,0.36,0.37,0.38,0.39,0.4,0.41,0.42,0.43,0.44,0.45,0.46,0.47,0.48,0.49,0.5,0.51,0.52,0.53,0.54,0.55,0.56,0.57,0.58,0.59,0.6,0.61,0.62,0.63,0.64,0.65,0.66,0.67,0.68,0.69,0.7,0.71,0.72,0.73,0.74,0.75,0.76,0.77,0.78,0.79,0.8,0.81,0.82,0.83,0.839999,0.849999,0.859999,0.869999,0.879999,0.889999,FLR,214.932922
14,10:25:30,8/4/26,TT25_psf,eap,,nodust_09_19,,,0.294105,2.922519,0.267214,5.312643,2.314872,2.182893,4.050645,1.735773,24.123497,25.582022,44.764324,0.441786,7.5,PSF-00438_20260804102530_0f7,0,0,0,179.36647,319.776703,0.439088,0.5,0.8,117.785172,1,49.06,46.27,31.79,29.12,29.12,90.49,156.8,157.2,-0.3,671,3.743,10:18:52,8/4/26,-0.38,1,0.003,0.003,0.012,-0.025,0.998,3.347,1,150,0.005,2,0.058905,0,0.02923,0,0,-0.000068,standard,0,mpf,7000,500,5,2,300,300,300,312.937988,25,-5.147048,311.049347,312.419037,-1.36969,2.46102,2.479363,1.656349,0.939444,0.208461,-0.03168,0.10685,0.710573,179.36647,0.000245,2.38896,-0.000025,1,2.402765,-0.000034,1,0.600816,0.600971,0.107301,0,PSF-00438_20260804102530_0f7,PFA-00474,PSA-00486,PSF-00438,RHS-00603,3.0.0
PSF-00438_20260804102530_0f7,10:25:30,8/4/26,PFA-00474,PSA-00486,PSF-00438,nodust_09_19,0,0,319.776703,179.36647,0.439088,677.309143,TIME,0,0.01,0.02,0.03,0.04,0.05,0.06,0.07,0.08,0.09,0.1,0.11,0.12,0.13,0.14,0.15,0.16,0.17,0.18,0.19,0.2,0.21,0.22,0.23,0.24,0.25,0.26,0.27,0.28,0.29,0.3,0.31,0.32,0.33,0.34,0.35,0.36,0.37,0.38,0.39,0.4,0.41,0.42,0.43,0.44,0.45,0.46,0.47,0.48,0.49,0.5,0.51,0.52,0.53,0.54,0.55,0.56,0.57,0.58,0.59,0.6,0.61,0.62,0.63,0.64,0.65,0.66,0.67,0.68,0.69,0.7,0.71,0.72,0.73,0.74,0.75,0.76,0.77,0.78,0.79,0.8,0.81,0.82,0.83,0.839999,0.849999,0.859999,0.869999,0.879999,0.889999,FLR,263.313538
15,10:25:51,8/4/26,TT25_psf,eap,,nodust_07_17,,,0.109208,2.923477,0.105276,2.640205,2.281148,2.215585,4.465832,2.184684,24.485464,25.210026,49.353981,0.441786,7.5,PSF-00438_20260804102551_6b5,0,0,0,172.00827,352.577789,0.512141,0.5,0.8,149.340927,1,48.38,46.99,31.78,30.82,30.82,90.49,156.9,156.9,0,729,3.743,10:18:52,8/4/26,-0.38,1,0.001,-0.001,-9999,0.467,0.366,-9999,1,150,0.005,2,0.058905,0,0.02923,0,0,-0.000068,standard,0,mpf,7000,500,5,2,300,300,300,338.343506,25,-10.060802,338.174347,338.195953,-0.021606,2.461982,2.478466,1.657355,0.938566,0.208565,-0.011365,0.109184,0.763089,172.00827,0.000247,2.38896,-0.000025,1,2.402765,-0.000034,1,0.600816,0.600971,0.107301,0,PSF-00438_20260804102551_6b5,PFA-00474,PSA-00486,PSF-00438,RHS-00603,3.0.0
PSF-00438_20260804102551_6b5,10:25:51,8/4/26,PFA-00474,PSA-00486,PSF-00438,nodust_07_17,0,0,352.577789,172.00827,0.512141,735.688904,TIME,0,0.01,0.02,0.03,0.04,0.05,0.06,0.07,0.08,0.09,0.1,0.11,0.12,0.13,0.14,0.15,0.16,0.17,0.18,0.19,0.2,0.21,0.22,0.23,0.24,0.25,0.26,0.27,0.28,0.29,0.3,0.31,0.32,0.33,0.34,0.35,0.36,0.37,0.38,0.39,0.4,0.41,0.42,0.43,0.44,0.45,0.46,0.47,0.48,0.49,0.5,0.51,0.52,0.53,0.54,0.55,0.56,0.57,0.58,0.59,0.6,0.61,0.62,0.63,0.64,0.65,0.66,0.67,0.68,0.69,0.7,0.71,0.72,0.73,0.74,0.75,0.76,0.77,0.78,0.79,0.8,0.81,0.82,0.83,0.839999,0.849999,0.859999,0.869999,0.879999,0.889999,FLR,263.984802
17,10:26:52,8/4/26,TT25_psf,eap,,nodust_10_20,,,0.219908,2.92046,0.204509,4.605776,2.305077,2.190459,4.268948,1.96387,24.20718,25.473846,47.176945,0.441786,7.5,PSF-00438_20260804102652_fca,0,0,0,177.112701,278.537567,0.364134,0.5,0.8,114.24382,1,49.13,46.69,31.69,30.03,30.03,90.49,156.5,157.1,-0.4,784,3.741,10:18:52,8/4/26,-0.38,1,0.004,0.004,0.01,-0.909,-1.965,-1.893,1,150,0.005,2,0.058905,0,0.02923,0,0,-0.000068,standard,0,mpf,7000,500,5,2,300,300,300,273.482666,25,-3.424682,273.36322,273.641998,-0.278778,2.461599,2.479476,1.654193,0.939089,0.209272,-0.019715,0.115989,0.812881,177.112701,0.000246,2.38896,-0.000025,1,2.402765,-0.000034,1,0.600816,0.600971,0.107301,0,PSF-00438_20260804102652_fca,PFA-00474,PSA-00486,PSF-00438,RHS-00603,3.0.0
PSF-00438_20260804102652_fca,10:26:52,8/4/26,PFA-00474,PSA-00486,PSF-00438,nodust_10_20,0,0,278.537567,177.112701,0.364134,791.039673,TIME,0,0.01,0.02,0.03,0.04,0.05,0.06,0.07,0.08,0.09,0.1,0.11,0.12,0.13,0.14,0.15,0.16,0.17,0.18,0.19,0.2,0.21,0.22,0.23,0.24,0.25,0.26,0.27,0.28,0.29,0.3,0.31,0.32,0.33,0.34,0.35,0.36,0.37,0.38,0.39,0.4,0.41,0.42,0.43,0.44,0.45,0.46,0.47,0.48,0.49,0.5,0.51,0.52,0.53,0.54,0.55,0.56,0.57,0.58,0.59,0.6,0.61,0.62,0.63,0.64,0.65,0.66,0.67,0.68,0.69,0.7,0.71,0.72,0.73,0.74,0.75,0.76,0.77,0.78,0.79,0.8,0.81,0.82,0.83,0.839999,0.849999,0.859999,0.869999,0.879999,0.889999,FLR,234.768036
18,10:27:14,8/4/26,TT25_psf,eap,,dust_02_02,,,0.149198,2.922669,0.141951,3.074482,2.253746,2.177325,4.144304,1.890558,24.062166,24.906713,45.799744,0.441786,7.5,PSF-00438_20260804102714_dc5,0,0,0,171.510818,332.446838,0.484096,0.5,0.8,107.988144,1,48.15,46.51,31.65,29.52,29.52,90.49,156.8,154.2,1.6,558,3.74,10:18:52,8/4/26,-0.38,1,0.003,0.004,-9999,0.973,2.612,-9999,1,150,0.005,2,0.058905,0,0.02923,0,0,-0.000068,standard,0,mpf,7000,500,5,2,300,300,300,323.176849,25,-6.337211,321.021423,323.387848,-2.366425,2.461377,2.47818,1.656506,0.931795,0.209602,-0.025332,0.118293,0.608972,171.510818,0.000246,2.38896,-0.000025,1,2.402765,-0.000034,1,0.600816,0.600971,0.107301,0,PSF-00438_20260804102714_dc5,PFA-00474,PSA-00486,PSF-00438,RHS-00603,3.0.0
PSF-00438_20260804102714_dc5,10:27:14,8/4/26,PFA-00474,PSA-00486,PSF-00438,dust_02_02,0,0,332.446838,171.510818,0.484096,564.365784,TIME,0,0.01,0.02,0.03,0.04,0.05,0.06,0.07,0.08,0.09,0.1,0.11,0.12,0.13,0.14,0.15,0.16,0.17,0.18,0.19,0.2,0.21,0.22,0.23,0.24,0.25,0.26,0.27,0.28,0.29,0.3,0.31,0.32,0.33,0.34,0.35,0.36,0.37,0.38,0.39,0.4,0.41,0.42,0.43,0.44,0.45,0.46,0.47,0.48,0.49,0.5,0.51,0.52,0.53,0.54,0.55,0.56,0.57,0.58,0.59,0.6,0.61,0.62,0.63,0.64,0.65,0.66,0.67,0.68,0.69,0.7,0.71,0.72,0.73,0.74,0.75,0.76,0.77,0.78,0.79,0.8,0.81,0.82,0.83,0.839999,0.849999,0.859999,0.869999,0.879999,0.889999,FLR,260.065918
19,10:27:37,8/4/26,TT25_psf,eap,,dust_04_04,,,0.193609,2.922269,0.181578,4.101907,2.28877,2.186821,4.2589,1.97013,24.167709,25.294395,47.067337,0.441786,7.5,PSF-00438_20260804102737_52a,0,0,0,193.117264,323.720001,0.403444,0.5,0.8,121.586914,1,49.05,46.86,31.59,29.99,29.99,90.49,156.8,157.1,-0.2,753,3.702,10:18:52,8/4/26,-0.38,1,0,0.003,0.011,-1.203,-0.283,-0.542,1,150,0.005,2,0.058905,0,0.02923,0,0,-0.000068,standard,0,mpf,7000,500,5,2,300,300,300,315.470703,25,-6.129434,313.846344,314.958038,-1.111694,2.461855,2.479393,1.656087,0.939196,0.210066,-0.019038,0.120858,0.785065,193.117264,0.000244,2.38896,-0.000025,1,2.402765,-0.000034,1,0.600816,0.600971,0.107301,0,PSF-00438_20260804102737_52a,PFA-00474,PSA-00486,PSF-00438,RHS-00603,3.0.0
PSF-00438_20260804102737_52a,10:27:37,8/4/26,PFA-00474,PSA-00486,PSF-00438,dust_04_04,0,0,323.720001,193.117264,0.403444,760.117859,TIME,0,0.01,0.02,0.03,0.04,0.05,0.06,0.07,0.08,0.09,0.1,0.11,0.12,0.13,0.14,0.15,0.16,0.17,0.18,0.19,0.2,0.21,0.22,0.23,0.24,0.25,0.26,0.27,0.28,0.29,0.3,0.31,0.32,0.33,0.34,0.35,0.36,0.37,0.38,0.39,0.4,0.41,0.42,0.43,0.44,0.45,0.46,0.47,0.48,0.49,0.5,0.51,0.52,0.53,0.54,0.55,0.56,0.57,0.58,0.59,0.6,0.61,0.62,0.63,0.64,0.65,0.66,0.67,0.68,0.69,0.7,0.71,0.72,0.73,0.74,0.75,0.76,0.77,0.78,0.79,0.8,0.81,0.82,0.83,0.839999,0.849999,0.859999,0.869999,0.879999,0.889999,FLR,269.381775
20,10:28:06,8/4/26,TT25_psf,eap,,dust_01_01,,,0.09015,2.922458,0.087452,2.207335,2.240605,2.185724,4.440115,2.19951,24.156254,24.762791,49.0714,0.441786,7.5,PSF-00438_20260804102806_a8f,0,0,0,273.74231,375.760712,0.271498,0.5,0.8,77.393448,1,48.18,47,31.53,30.72,30.72,90.48,156.8,156.3,0.3,713,3.738,10:18:52,8/4/26,-0.38,1,0.002,0.003,0.003,-1.138,-0.807,11.684,1,150,0.005,2,0.058905,0,0.02923,0,0,-0.000068,standard,0,mpf,7000,500,5,2,300,300,300,371.376526,25,-4.793461,366.21524,368.908508,-2.693268,2.462054,2.478261,1.656285,0.936995,0.210572,-0.009626,0.124088,0.74838,273.74231,0.000242,2.38896,-0.000025,1,2.402765,-0.000034,1,0.600816,0.600971,0.107301,0,PSF-00438_20260804102806_a8f,PFA-00474,PSA-00486,PSF-00438,RHS-00603,3.0.0
PSF-00438_20260804102806_a8f,10:28:06,8/4/26,PFA-00474,PSA-00486,PSF-00438,dust_01_01,0,0,375.760712,273.74231,0.271498,719.337097,TIME,0,0.01,0.02,0.03,0.04,0.05,0.06,0.07,0.08,0.09,0.1,0.11,0.12,0.13,0.14,0.15,0.16,0.17,0.18,0.19,0.2,0.21,0.22,0.23,0.24,0.25,0.26,0.27,0.28,0.29,0.3,0.31,0.32,0.33,0.34,0.35,0.36,0.37,0.38,0.39,0.4,0.41,0.42,0.43,0.44,0.45,0.46,0.47,0.48,0.49,0.5,0.51,0.52,0.53,0.54,0.55,0.56,0.57,0.58,0.59,0.6,0.61,0.62,0.63,0.64,0.65,0.66,0.67,0.68,0.69,0.7,0.71,0.72,0.73,0.74,0.75,0.76,0.77,0.78,0.79,0.8,0.81,0.82,0.83,0.839999,0.849999,0.859999,0.869999,0.879999,0.889999,FLR,341.492065
1,09:41:11,8/5/26,TT25_psf,eap,,dust_06_06,,,0.128509,2.921254,0.123094,2.186939,1.717784,1.662914,3.284422,1.566638,18.338163,18.94326,36.219719,0.441786,7.5,PSF-00438_20260805094111_c7e,0,0,0,129.881149,346.141449,0.624774,0.5,0.8,114.344765,1,55.71,53.93,24.48,25.54,25.54,90.68,156.6,157.8,-0.8,458,3.76,09:40:48,8/5/26,-0.78,1,-0.001,-0.002,-0.01,-1.633,0.53,2.868,1,150,0.005,2,0.058905,0,0.02923,0,0,-0.000068,standard,0,mpf,7000,500,5,2,300,300,300,345.521454,25,-0.969628,343.330261,344.755371,-1.42511,2.472849,2.490494,1.655023,0.940939,0.278397,0.012526,0.046475,0.518893,129.881149,0.000238,2.38896,-0.000025,1,2.402765,-0.000034,1,0.600816,0.600971,0.107301,0,PSF-00438_20260805094111_c7e,PFA-00474,PSA-00486,PSF-00438,RHS-00603,3.0.0
PSF-00438_20260805094111_c7e,09:41:11,8/5/26,PFA-00474,PSA-00486,PSF-00438,dust_06_06,0,0,346.141449,129.881149,0.624774,464.230072,TIME,0,0.01,0.02,0.03,0.04,0.05,0.06,0.07,0.08,0.09,0.1,0.11,0.12,0.13,0.14,0.15,0.16,0.17,0.18,0.19,0.2,0.21,0.22,0.23,0.24,0.25,0.26,0.27,0.28,0.29,0.3,0.31,0.32,0.33,0.34,0.35,0.36,0.37,0.38,0.39,0.4,0.41,0.42,0.43,0.44,0.45,0.46,0.47,0.48,0.49,0.5,0.51,0.52,0.53,0.54,0.55,0.56,0.57,0.58,0.59,0.6,0.61,0.62,0.63,0.64,0.65,0.66,0.67,0.68,0.69,0.7,0.71,0.72,0.73,0.74,0.75,0.76,0.77,0.78,0.79,0.8,0.81,0.82,0.83,0.839999,0.849999,0.859999,0.869999,0.879999,0.889999,FLR,254.795914
2,09:41:29,8/5/26,TT25_psf,eap,,nodust_06_16,,,0.228267,2.921894,0.211726,3.574736,1.823931,1.734402,3.311452,1.487522,19.128468,20.115864,36.521523,0.441786,7.5,PSF-00438_20260805094129_41a,0,0,0,127.351639,386.052856,0.670119,0.5,0.8,88.304855,1,58.66,55.78,24.62,25.68,25.68,90.67,156.7,155.4,0.9,329,3.758,09:40:48,8/5/26,-0.78,1,-0.003,-0.001,-9999,-1.647,-0.416,-9999,1,150,0.005,2,0.058905,0,0.02923,0,0,-0.000068,standard,0,mpf,7000,500,5,2,300,300,300,386.052856,25,4.18471,389.507538,392.034851,-2.527313,2.475242,2.49434,1.655694,0.934651,0.276848,0.012513,0.049243,0.403652,127.351639,0.00024,2.38896,-0.000025,1,2.402765,-0.000034,1,0.600816,0.600971,0.107301,0,PSF-00438_20260805094129_41a,PFA-00474,PSA-00486,PSF-00438,RHS-00603,3.0.0
PSF-00438_20260805094129_41a,09:41:29,8/5/26,PFA-00474,PSA-00486,PSF-00438,nodust_06_16,0,0,386.052856,127.351639,0.670119,336.123169,TIME,0,0.01,0.02,0.03,0.04,0.05,0.06,0.07,0.08,0.09,0.1,0.11,0.12,0.13,0.14,0.15,0.16,0.17,0.18,0.19,0.2,0.21,0.22,0.23,0.24,0.25,0.26,0.27,0.28,0.29,0.3,0.31,0.32,0.33,0.34,0.35,0.36,0.37,0.38,0.39,0.4,0.41,0.42,0.43,0.44,0.45,0.46,0.47,0.48,0.49,0.5,0.51,0.52,0.53,0.54,0.55,0.56,0.57,0.58,0.59,0.6,0.61,0.62,0.63,0.64,0.65,0.66,0.67,0.68,0.69,0.7,0.71,0.72,0.73,0.74,0.75,0.76,0.77,0.78,0.79,0.8,0.81,0.82,0.83,0.839999,0.849999,0.859999,0.869999,0.879999,0.889999,FLR,285.527954
3,09:41:50,8/5/26,TT25_psf,eap,,dust_09_09,,,0.388279,2.91983,0.342706,4.84679,1.88563,1.764127,3.132514,1.246883,19.455814,20.795828,34.54718,0.441786,7.5,PSF-00438_20260805094150_f6c,0,0,0,136.716843,336.362244,0.593543,0.5,0.8,104.828384,1,60.06,56.19,24.79,24.75,24.75,90.67,156.5,157.4,-0.6,442,3.757,09:40:48,8/5/26,-0.78,1,-0.004,-0.002,-9999,0.655,1.303,-9999,1,150,0.005,2,0.058905,0,0.02923,0,0,-0.000068,standard,0,mpf,7000,500,5,2,300,300,300,329.649567,25,-5.034046,327.356812,329.166107,-1.809296,2.475737,2.496133,1.653537,0.939755,0.275061,0.000002,0.052426,0.504493,136.716843,0.00024,2.38896,-0.000025,1,2.402765,-0.000034,1,0.600816,0.600971,0.107301,0,PSF-00438_20260805094150_f6c,PFA-00474,PSA-00486,PSF-00438,RHS-00603,3.0.0
PSF-00438_20260805094150_f6c,09:41:50,8/5/26,PFA-00474,PSA-00486,PSF-00438,dust_09_09,0,0,336.362244,136.716843,0.593543,448.222534,TIME,0,0.01,0.02,0.03,0.04,0.05,0.06,0.07,0.08,0.09,0.1,0.11,0.12,0.13,0.14,0.15,0.16,0.17,0.18,0.19,0.2,0.21,0.22,0.23,0.24,0.25,0.26,0.27,0.28,0.29,0.3,0.31,0.32,0.33,0.34,0.35,0.36,0.37,0.38,0.39,0.4,0.41,0.42,0.43,0.44,0.45,0.46,0.47,0.48,0.49,0.5,0.51,0.52,0.53,0.54,0.55,0.56,0.57,0.58,0.59,0.6,0.61,0.62,0.63,0.64,0.65,0.66,0.67,0.68,0.69,0.7,0.71,0.72,0.73,0.74,0.75,0.76,0.77,0.78,0.79,0.8,0.81,0.82,0.83,0.839999,0.849999,0.859999,0.869999,0.879999,0.889999,FLR,250.88382
4,09:42:10,8/5/26,TT25_psf,eap,,dust_05_05,,,0.439535,2.92154,0.382056,5.400595,1.962672,1.827557,3.208117,1.245445,20.151192,21.641014,35.373665,0.441786,7.5,PSF-00438_20260805094210_b05,0,0,0,128.614075,369.410614,0.65184,0.5,0.8,109.220604,1,61.91,57.65,24.95,25.15,25.15,90.69,156.7,156.9,-0.1,419,3.755,09:40:48,8/5/26,-0.78,1,0.001,-0.001,-9999,0.431,0.721,-9999,1,150,0.005,2,0.058905,0,0.02923,0,0,-0.000068,standard,0,mpf,7000,500,5,2,300,300,300,358.94751,25,-7.137336,358.337036,359.207855,-0.870819,2.477597,2.498507,1.655323,0.938589,0.273273,0.002682,0.055506,0.484124,128.614075,0.00024,2.38896,-0.000025,1,2.402765,-0.000034,1,0.600816,0.600971,0.107301,0,PSF-00438_20260805094210_b05,PFA-00474,PSA-00486,PSF-00438,RHS-00603,3.0.0
PSF-00438_20260805094210_b05,09:42:10,8/5/26,PFA-00474,PSA-00486,PSF-00438,dust_05_05,0,0,369.410614,128.614075,0.65184,425.579407,TIME,0,0.01,0.02,0.03,0.04,0.05,0.06,0.07,0.08,0.09,0.1,0.11,0.12,0.13,0.14,0.15,0.16,0.17,0.18,0.19,0.2,0.21,0.22,0.23,0.24,0.25,0.26,0.27,0.28,0.29,0.3,0.31,0.32,0.33,0.34,0.35,0.36,0.37,0.38,0.39,0.4,0.41,0.42,0.43,0.44,0.45,0.46,0.47,0.48,0.49,0.5,0.51,0.52,0.53,0.54,0.55,0.56,0.57,0.58,0.59,0.6,0.61,0.62,0.63,0.64,0.65,0.66,0.67,0.68,0.69,0.7,0.71,0.72,0.73,0.74,0.75,0.76,0.77,0.78,0.79,0.8,0.81,0.82,0.83,0.839999,0.849999,0.859999,0.869999,0.879999,0.889999,FLR,247.892258
5,09:42:34,8/5/26,TT25_psf,eap,,nodust_05_15,,,0.265832,2.92173,0.243662,3.721232,1.939067,1.845955,3.28426,1.345193,20.353773,21.380442,36.212738,0.441786,7.5,PSF-00438_20260805094234_39b,0,0,0,141.085266,335.220062,0.579126,0.5,0.8,108.631088,1,60.43,57.53,25.15,25.54,25.54,90.69,156.7,157.8,-0.7,469,3.752,09:40:48,8/5/26,-0.78,1,-0.003,-0.004,-9999,0.465,0.911,-9999,1,150,0.005,2,0.058905,0,0.02923,0,0,-0.000068,standard,0,mpf,7000,500,5,2,300,300,300,329.62381,25,-4.031611,327.949402,329.456909,-1.507507,2.477392,2.496521,1.655522,0.940858,0.271074,0.004868,0.059208,0.529148,141.085266,0.000241,2.38896,-0.000025,1,2.402765,-0.000034,1,0.600816,0.600971,0.107301,0,PSF-00438_20260805094234_39b,PFA-00474,PSA-00486,PSF-00438,RHS-00603,3.0.0
PSF-00438_20260805094234_39b,09:42:34,8/5/26,PFA-00474,PSA-00486,PSF-00438,nodust_05_15,0,0,335.220062,141.085266,0.579126,475.629578,TIME,0,0.01,0.02,0.03,0.04,0.05,0.06,0.07,0.08,0.09,0.1,0.11,0.12,0.13,0.14,0.15,0.16,0.17,0.18,0.19,0.2,0.21,0.22,0.23,0.24,0.25,0.26,0.27,0.28,0.29,0.3,0.31,0.32,0.33,0.34,0.35,0.36,0.37,0.38,0.39,0.4,0.41,0.42,0.43,0.44,0.45,0.46,0.47,0.48,0.49,0.5,0.51,0.52,0.53,0.54,0.55,0.56,0.57,0.58,0.59,0.6,0.61,0.62,0.63,0.64,0.65,0.66,0.67,0.68,0.69,0.7,0.71,0.72,0.73,0.74,0.75,0.76,0.77,0.78,0.79,0.8,0.81,0.82,0.83,0.839999,0.849999,0.859999,0.869999,0.879999,0.889999,FLR,252.723099
6,09:42:54,8/5/26,TT25_psf,eap,,dust_08_08,,,0.104313,2.921903,0.100717,1.848135,1.88924,1.84298,3.503844,1.614604,20.322432,20.832537,38.636677,0.441786,7.5,PSF-00438_20260805094254_daf,0,0,0,152.896637,418.737976,0.634863,0.5,0.8,102.474258,1,58.25,56.82,25.33,26.64,26.64,90.69,156.7,157.3,-0.4,404,3.751,09:40:48,8/5/26,-0.78,1,0.001,0,-0.015,0.112,-0.436,1.102,1,150,0.005,2,0.058905,0,0.02923,0,0,-0.000068,standard,0,mpf,7000,500,5,2,300,300,300,412.965424,25,-4.097225,412.031647,412.881042,-0.849396,2.476419,2.493608,1.655703,0.93954,0.269117,0.015387,0.062309,0.470303,152.896637,0.000241,2.38896,-0.000025,1,2.402765,-0.000034,1,0.600816,0.600971,0.107301,0,PSF-00438_20260805094254_daf,PFA-00474,PSA-00486,PSF-00438,RHS-00603,3.0.0
PSF-00438_20260805094254_daf,09:42:54,8/5/26,PFA-00474,PSA-00486,PSF-00438,dust_08_08,0,0,418.737976,152.896637,0.634863,410.214691,TIME,0,0.01,0.02,0.03,0.04,0.05,0.06,0.07,0.08,0.09,0.1,0.11,0.12,0.13,0.14,0.15,0.16,0.17,0.18,0.19,0.2,0.21,0.22,0.23,0.24,0.25,0.26,0.27,0.28,0.29,0.3,0.31,0.32,0.33,0.34,0.35,0.36,0.37,0.38,0.39,0.4,0.41,0.42,0.43,0.44,0.45,0.46,0.47,0.48,0.49,0.5,0.51,0.52,0.53,0.54,0.55,0.56,0.57,0.58,0.59,0.6,0.61,0.62,0.63,0.64,0.65,0.66,0.67,0.68,0.69,0.7,0.71,0.72,0.73,0.74,0.75,0.76,0.77,0.78,0.79,0.8,0.81,0.82,0.83,0.839999,0.849999,0.859999,0.869999,0.879999,0.889999,FLR,301.547516
7,09:43:17,8/5/26,TT25_psf,eap,,dust_07_07,,,0.091156,2.921317,0.088398,1.73693,1.918053,1.874573,3.645224,1.727171,20.671827,21.151306,40.197659,0.441786,7.5,PSF-00438_20260805094317_023,0,0,0,130.971909,362.52774,0.638726,0.5,0.8,124.873329,1,58.38,57.06,25.55,27.31,27.31,90.68,156.7,157.4,-0.5,489,3.75,09:40:48,8/5/26,-0.78,1,-0.001,-0.005,-0.013,0.257,0.333,2.818,1,150,0.005,2,0.058905,0,0.02923,0,0,-0.000068,standard,0,mpf,7000,500,5,2,300,300,300,351.569305,25,-7.826283,350.354431,351.340149,-0.985718,2.476674,2.493728,1.655089,0.939755,0.266809,0.020727,0.065775,0.546974,130.971909,0.000243,2.38896,-0.000025,1,2.402765,-0.000034,1,0.600816,0.600971,0.107301,0,PSF-00438_20260805094317_023,PFA-00474,PSA-00486,PSF-00438,RHS-00603,3.0.0
PSF-00438_20260805094317_023,09:43:17,8/5/26,PFA-00474,PSA-00486,PSF-00438,dust_07_07,0,0,362.52774,130.971909,0.638726,495.445312,TIME,0,0.01,0.02,0.03,0.04,0.05,0.06,0.07,0.08,0.09,0.1,0.11,0.12,0.13,0.14,0.15,0.16,0.17,0.18,0.19,0.2,0.21,0.22,0.23,0.24,0.25,0.26,0.27,0.28,0.29,0.3,0.31,0.32,0.33,0.34,0.35,0.36,0.37,0.38,0.39,0.4,0.41,0.42,0.43,0.44,0.45,0.46,0.47,0.48,0.49,0.5,0.51,0.52,0.53,0.54,0.55,0.56,0.57,0.58,0.59,0.6,0.61,0.62,0.63,0.64,0.65,0.66,0.67,0.68,0.69,0.7,0.71,0.72,0.73,0.74,0.75,0.76,0.77,0.78,0.79,0.8,0.81,0.82,0.83,0.839999,0.849999,0.859999,0.869999,0.879999,0.889999,FLR,242.164139
8,09:43:37,8/5/26,TT25_psf,eap,,nodust_08_18,,,0.289274,2.922783,0.263222,4.495693,2.021312,1.90904,3.522688,1.501376,21.053131,22.291281,38.84864,0.441786,7.5,PSF-00438_20260805094337_486,0,0,0,129.419083,378.664032,0.658222,0.5,0.8,161.693939,1,60.84,57.46,25.74,26.73,26.73,90.68,156.8,157.7,-0.5,614,3.749,09:40:48,8/5/26,-0.78,1,0,0,-9999,0.557,0.523,-9999,1,150,0.005,2,0.058905,0,0.02923,0,0,-0.000068,standard,0,mpf,7000,500,5,2,300,300,300,368.777618,25,-7.592988,365.788574,367.809906,-2.021332,2.477149,2.496897,1.656626,0.940599,0.264806,0.011768,0.068723,0.659754,129.419083,0.000242,2.38896,-0.000025,1,2.402765,-0.000034,1,0.600816,0.600971,0.107301,0,PSF-00438_20260805094337_486,PFA-00474,PSA-00486,PSF-00438,RHS-00603,3.0.0
PSF-00438_20260805094337_486,09:43:37,8/5/26,PFA-00474,PSA-00486,PSF-00438,nodust_08_18,0,0,378.664032,129.419083,0.658222,620.817383,TIME,0,0.01,0.02,0.03,0.04,0.05,0.06,0.07,0.08,0.09,0.1,0.11,0.12,0.13,0.14,0.15,0.16,0.17,0.18,0.19,0.2,0.21,0.22,0.23,0.24,0.25,0.26,0.27,0.28,0.29,0.3,0.31,0.32,0.33,0.34,0.35,0.36,0.37,0.38,0.39,0.4,0.41,0.42,0.43,0.44,0.45,0.46,0.47,0.48,0.49,0.5,0.51,0.52,0.53,0.54,0.55,0.56,0.57,0.58,0.59,0.6,0.61,0.62,0.63,0.64,0.65,0.66,0.67,0.68,0.69,0.7,0.71,0.72,0.73,0.74,0.75,0.76,0.77,0.78,0.79,0.8,0.81,0.82,0.83,0.839999,0.849999,0.859999,0.869999,0.879999,0.889999,FLR,251.320831
10,09:44:11,8/5/26,TT25_psf,eap,,nodust_03_13,,,0.323178,2.922572,0.290999,4.487487,2.058477,1.946433,3.414672,1.356195,21.464497,22.700075,37.655659,0.441786,7.5,PSF-00438_20260805094411_3f0,0,0,0,133.627655,370.602753,0.639432,0.5,0.8,94.350815,1,60.78,57.47,26.06,26.2,26.2,90.68,156.8,157.7,-0.5,369,3.746,09:40:48,8/5/26,-0.78,1,0.004,0.004,-9999,0.179,0.147,-9999,1,150,0.005,2,0.058905,0,0.02923,0,0,-0.000068,standard,0,mpf,7000,500,5,2,300,300,300,363.24762,25,-4.800752,363.720428,363.740112,-0.019684,2.47709,2.496743,1.656405,0.940514,0.261426,0.001945,0.073699,0.439139,133.627655,0.000241,2.38896,-0.000025,1,2.402765,-0.000034,1,0.600816,0.600971,0.107301,0,PSF-00438_20260805094411_3f0,PFA-00474,PSA-00486,PSF-00438,RHS-00603,3.0.0
PSF-00438_20260805094411_3f0,09:44:11,8/5/26,PFA-00474,PSA-00486,PSF-00438,nodust_03_13,0,0,370.602753,133.627655,0.639432,375.57135,TIME,0,0.01,0.02,0.03,0.04,0.05,0.06,0.07,0.08,0.09,0.1,0.11,0.12,0.13,0.14,0.15,0.16,0.17,0.18,0.19,0.2,0.21,0.22,0.23,0.24,0.25,0.26,0.27,0.28,0.29,0.3,0.31,0.32,0.33,0.34,0.35,0.36,0.37,0.38,0.39,0.4,0.41,0.42,0.43,0.44,0.45,0.46,0.47,0.48,0.49,0.5,0.51,0.52,0.53,0.54,0.55,0.56,0.57,0.58,0.59,0.6,0.61,0.62,0.63,0.64,0.65,0.66,0.67,0.68,0.69,0.7,0.71,0.72,0.73,0.74,0.75,0.76,0.77,0.78,0.79,0.8,0.81,0.82,0.83,0.839999,0.849999,0.859999,0.869999,0.879999,0.889999,FLR,258.961914
11,09:44:43,8/5/26,TT25_psf,eap,,dust_10_10,,,0.373865,2.921746,0.331452,4.958206,2.096769,1.972961,3.411899,1.31513,21.759861,23.125345,37.629959,0.441786,7.5,PSF-00438_20260805094443_508,0,0,0,236.42778,405.829559,0.417421,0.5,0.8,60.782734,1,60.84,57.25,26.36,26.19,26.19,90.67,156.7,157.7,-0.6,364,3.714,09:40:48,8/5/26,-0.78,1,0.001,0.002,0.012,2.368,3.357,10.678,1,150,0.005,2,0.058905,0,0.02923,0,0,-0.000068,standard,0,mpf,7000,500,5,2,300,300,300,402.335632,25,-3.244244,399.539703,401.191956,-1.652252,2.47672,2.496741,1.655539,0.940551,0.258364,-0.001635,0.078283,0.434777,236.42778,0.000241,2.38896,-0.000025,1,2.402765,-0.000034,1,0.600816,0.600971,0.107301,0,PSF-00438_20260805094443_508,PFA-00474,PSA-00486,PSF-00438,RHS-00603,3.0.0
PSF-00438_20260805094443_508,09:44:43,8/5/26,PFA-00474,PSA-00486,PSF-00438,dust_10_10,0,0,405.829559,236.42778,0.417421,370.723175,TIME,0,0.01,0.02,0.03,0.04,0.05,0.06,0.07,0.08,0.09,0.1,0.11,0.12,0.13,0.14,0.15,0.16,0.17,0.18,0.19,0.2,0.21,0.22,0.23,0.24,0.25,0.26,0.27,0.28,0.29,0.3,0.31,0.32,0.33,0.34,0.35,0.36,0.37,0.38,0.39,0.4,0.41,0.42,0.43,0.44,0.45,0.46,0.47,0.48,0.49,0.5,0.51,0.52,0.53,0.54,0.55,0.56,0.57,0.58,0.59,0.6,0.61,0.62,0.63,0.64,0.65,0.66,0.67,0.68,0.69,0.7,0.71,0.72,0.73,0.74,0.75,0.76,0.77,0.78,0.79,0.8,0.81,0.82,0.83,0.839999,0.849999,0.859999,0.869999,0.879999,0.889999,FLR,345.503937
12,09:45:07,8/5/26,TT25_psf,eap,,dust_03_03,,,0.210454,2.923036,0.196319,3.532266,2.081812,1.993674,3.661719,1.579907,21.985512,22.957468,40.380104,0.441786,7.5,PSF-00438_20260805094507_d7e,0,0,0,231.193893,359.481964,0.356869,0.5,0.8,74.949501,1,59.6,57.08,26.59,27.39,27.39,90.68,156.9,157.4,-0.3,525,3.743,09:40:48,8/5/26,-0.78,1,0.002,0.003,0.003,-1.854,-0.38,13.578,1,150,0.005,2,0.058905,0,0.02923,0,0,-0.000068,standard,0,mpf,7000,500,5,2,300,300,300,349.163879,25,-9.167723,341.889374,346.37677,-4.487396,2.47644,2.495059,1.656891,0.939858,0.256033,0.009623,0.081681,0.579618,231.193893,0.00024,2.38896,-0.000025,1,2.402765,-0.000034,1,0.600816,0.600971,0.107301,0,PSF-00438_20260805094507_d7e,PFA-00474,PSA-00486,PSF-00438,RHS-00603,3.0.0
PSF-00438_20260805094507_d7e,09:45:07,8/5/26,PFA-00474,PSA-00486,PSF-00438,dust_03_03,0,0,359.481964,231.193893,0.356869,531.734497,TIME,0,0.01,0.02,0.03,0.04,0.05,0.06,0.07,0.08,0.09,0.1,0.11,0.12,0.13,0.14,0.15,0.16,0.17,0.18,0.19,0.2,0.21,0.22,0.23,0.24,0.25,0.26,0.27,0.28,0.29,0.3,0.31,0.32,0.33,0.34,0.35,0.36,0.37,0.38,0.39,0.4,0.41,0.42,0.43,0.44,0.45,0.46,0.47,0.48,0.49,0.5,0.51,0.52,0.53,0.54,0.55,0.56,0.57,0.58,0.59,0.6,0.61,0.62,0.63,0.64,0.65,0.66,0.67,0.68,0.69,0.7,0.71,0.72,0.73,0.74,0.75,0.76,0.77,0.78,0.79,0.8,0.81,0.82,0.83,0.839999,0.849999,0.859999,0.869999,0.879999,0.889999,FLR,307.047119
13,09:45:24,8/5/26,TT25_psf,eap,,nodust_01_11,,,0.341958,2.922622,0.306139,4.927481,2.106064,1.983089,3.520539,1.414475,21.865952,23.221899,38.818199,0.441786,7.5,PSF-00438_20260805094524_2ed,0,0,0,244.166489,410.028534,0.404513,0.5,0.8,86.749496,1,59.73,56.24,26.75,26.72,26.72,90.69,156.8,157.3,-0.3,536,3.742,09:40:48,8/5/26,-0.78,1,0.003,0.003,0.011,0.009,2.007,5.729,1,150,0.005,2,0.058905,0,0.02923,0,0,-0.000068,standard,0,mpf,7000,500,5,2,300,300,300,402.94397,25,-5.628216,399.761444,401.983032,-2.221588,2.475309,2.495185,1.656457,0.939478,0.254407,-0.000008,0.084017,0.589591,244.166489,0.000242,2.38896,-0.000025,1,2.402765,-0.000034,1,0.600816,0.600971,0.107301,0,PSF-00438_20260805094524_2ed,PFA-00474,PSA-00486,PSF-00438,RHS-00603,3.0.0
PSF-00438_20260805094524_2ed,09:45:24,8/5/26,PFA-00474,PSA-00486,PSF-00438,nodust_01_11,0,0,410.028534,244.166489,0.404513,542.820679,TIME,0,0.01,0.02,0.03,0.04,0.05,0.06,0.07,0.08,0.09,0.1,0.11,0.12,0.13,0.14,0.15,0.16,0.17,0.18,0.19,0.2,0.21,0.22,0.23,0.24,0.25,0.26,0.27,0.28,0.29,0.3,0.31,0.32,0.33,0.34,0.35,0.36,0.37,0.38,0.39,0.4,0.41,0.42,0.43,0.44,0.45,0.46,0.47,0.48,0.49,0.5,0.51,0.52,0.53,0.54,0.55,0.56,0.57,0.58,0.59,0.6,0.61,0.62,0.63,0.64,0.65,0.66,0.67,0.68,0.69,0.7,0.71,0.72,0.73,0.74,0.75,0.76,0.77,0.78,0.79,0.8,0.81,0.82,0.83,0.839999,0.849999,0.859999,0.869999,0.879999,0.889999,FLR,343.460449
14,09:45:44,8/5/26,TT25_psf,eap,,nodust_04_14,,,0.308781,2.922801,0.279276,4.855557,2.157377,2.036292,3.683316,1.525939,22.453945,23.789135,40.615479,0.441786,7.5,PSF-00438_20260805094544_5bb,0,0,0,236.231094,354.709015,0.334014,0.5,0.8,77.360886,1,60.5,57.1,26.94,27.49,27.49,90.69,156.8,157.4,-0.3,579,3.74,09:40:48,8/5/26,-0.78,1,0.007,0.005,0.01,0.056,1.82,9.657,1,150,0.005,2,0.058905,0,0.02923,0,0,-0.000068,standard,0,mpf,7000,500,5,2,300,300,300,347.849976,25,-5.912543,343.233002,346.25708,-3.024078,2.476386,2.496143,1.656645,0.939787,0.252477,0.006701,0.086767,0.628172,236.231094,0.000241,2.38896,-0.000025,1,2.402765,-0.000034,1,0.600816,0.600971,0.107301,0,PSF-00438_20260805094544_5bb,PFA-00474,PSA-00486,PSF-00438,RHS-00603,3.0.0
PSF-00438_20260805094544_5bb,09:45:44,8/5/26,PFA-00474,PSA-00486,PSF-00438,nodust_04_14,0,0,354.709015,236.231094,0.334014,585.709351,TIME,0,0.01,0.02,0.03,0.04,0.05,0.06,0.07,0.08,0.09,0.1,0.11,0.12,0.13,0.14,0.15,0.16,0.17,0.18,0.19,0.2,0.21,0.22,0.23,0.24,0.25,0.26,0.27,0.28,0.29,0.3,0.31,0.32,0.33,0.34,0.35,0.36,0.37,0.38,0.39,0.4,0.41,0.42,0.43,0.44,0.45,0.46,0.47,0.48,0.49,0.5,0.51,0.52,0.53,0.54,0.55,0.56,0.57,0.58,0.59,0.6,0.61,0.62,0.63,0.64,0.65,0.66,0.67,0.68,0.69,0.7,0.71,0.72,0.73,0.74,0.75,0.76,0.77,0.78,0.79,0.8,0.81,0.82,0.83,0.839999,0.849999,0.859999,0.869999,0.879999,0.889999,FLR,308.401459
15,09:46:03,8/5/26,TT25_psf,eap,,nodust_02_12,,,0.157681,2.920499,0.149604,2.775561,2.114249,2.044872,3.742456,1.628207,22.548122,23.313116,41.266808,0.441786,7.5,PSF-00438_20260805094603_fb9,0,0,0,246.069077,427.95108,0.425007,0.5,0.8,97.366791,1,58.65,56.73,27.12,27.76,27.76,90.69,156.6,157.4,-0.5,573,3.702,09:40:48,8/5/26,-0.78,1,0.001,0.001,0.007,1.442,3.591,10.595,1,150,0.005,2,0.058905,0,0.02923,0,0,-0.000068,standard,0,mpf,7000,500,5,2,300,300,300,419.678436,25,-5.959931,417.587036,419.431396,-1.84436,2.475851,2.493678,1.654235,0.939736,0.25064,0.007737,0.089426,0.622517,246.069077,0.000244,2.38896,-0.000025,1,2.402765,-0.000034,1,0.600816,0.600971,0.107301,0,PSF-00438_20260805094603_fb9,PFA-00474,PSA-00486,PSF-00438,RHS-00603,3.0.0
PSF-00438_20260805094603_fb9,09:46:03,8/5/26,PFA-00474,PSA-00486,PSF-00438,nodust_02_12,0,0,427.95108,246.069077,0.425007,579.422791,TIME,0,0.01,0.02,0.03,0.04,0.05,0.06,0.07,0.08,0.09,0.1,0.11,0.12,0.13,0.14,0.15,0.16,0.17,0.18,0.19,0.2,0.21,0.22,0.23,0.24,0.25,0.26,0.27,0.28,0.29,0.3,0.31,0.32,0.33,0.34,0.35,0.36,0.37,0.38,0.39,0.4,0.41,0.42,0.43,0.44,0.45,0.46,0.47,0.48,0.49,0.5,0.51,0.52,0.53,0.54,0.55,0.56,0.57,0.58,0.59,0.6,0.61,0.62,0.63,0.64,0.65,0.66,0.67,0.68,0.69,0.7,0.71,0.72,0.73,0.74,0.75,0.76,0.77,0.78,0.79,0.8,0.81,0.82,0.83,0.839999,0.849999,0.859999,0.869999,0.879999,0.889999,FLR,355.705627
16,09:46:25,8/5/26,TT25_psf,eap,,nodust_07_17,,,0.100762,2.922358,0.097404,2.009209,2.104797,2.054643,3.913483,1.808686,22.655172,23.208191,43.151363,0.441786,7.5,PSF-00438_20260805094625_4c9,0,0,0,150.642517,384.366821,0.608076,0.5,0.8,107.683533,1,57.66,56.29,27.33,28.53,28.53,90.69,156.8,157.5,-0.4,443,3.739,09:40:48,8/5/26,-0.78,1,0.003,0.002,-0.01,0,0.256,0.619,1,150,0.005,2,0.058905,0,0.02923,0,0,-0.000068,standard,0,mpf,7000,500,5,2,300,300,300,367.167236,25,-12.430193,365.979553,366.597961,-0.618408,2.47523,2.492331,1.656179,0.940022,0.248532,0.014255,0.092487,0.50556,150.642517,0.000246,2.38896,-0.000025,1,2.402765,-0.000034,1,0.600816,0.600971,0.107301,0,PSF-00438_20260805094625_4c9,PFA-00474,PSA-00486,PSF-00438,RHS-00603,3.0.0
PSF-00438_20260805094625_4c9,09:46:25,8/5/26,PFA-00474,PSA-00486,PSF-00438,nodust_07_17,0,0,384.366821,150.642517,0.608076,449.408051,TIME,0,0.01,0.02,0.03,0.04,0.05,0.06,0.07,0.08,0.09,0.1,0.11,0.12,0.13,0.14,0.15,0.16,0.17,0.18,0.19,0.2,0.21,0.22,0.23,0.24,0.25,0.26,0.27,0.28,0.29,0.3,0.31,0.32,0.33,0.34,0.35,0.36,0.37,0.38,0.39,0.4,0.41,0.42,0.43,0.44,0.45,0.46,0.47,0.48,0.49,0.5,0.51,0.52,0.53,0.54,0.55,0.56,0.57,0.58,0.59,0.6,0.61,0.62,0.63,0.64,0.65,0.66,0.67,0.68,0.69,0.7,0.71,0.72,0.73,0.74,0.75,0.76,0.77,0.78,0.79,0.8,0.81,0.82,0.83,0.839999,0.849999,0.859999,0.869999,0.879999,0.889999,FLR,264.136444
17,09:46:45,8/5/26,TT25_psf,eap,,nodust_09_19,,,0.069064,2.921188,0.067469,1.404554,2.083406,2.048303,3.909115,1.825709,22.584267,22.971312,43.101292,0.441786,7.5,PSF-00438_20260805094645_b7b,0,0,0,210.199005,342.028656,0.385435,0.5,0.8,84.542397,1,56.47,55.52,27.52,28.51,28.51,90.7,156.6,157.3,-0.4,548,3.738,09:40:48,8/5/26,-0.78,1,-0.001,-0.002,-0.005,-1.443,-2.902,-10.61,1,150,0.005,2,0.058905,0,0.02923,0,0,-0.000068,standard,0,mpf,7000,500,5,2,300,300,300,335.591187,25,-4.662233,333.326355,335.364044,-2.037689,2.474177,2.490715,1.654955,0.939534,0.246733,0.011884,0.095091,0.600586,210.199005,0.000242,2.38896,-0.000025,1,2.402765,-0.000034,1,0.600816,0.600971,0.107301,0,PSF-00438_20260805094645_b7b,PFA-00474,PSA-00486,PSF-00438,RHS-00603,3.0.0
PSF-00438_20260805094645_b7b,09:46:45,8/5/26,PFA-00474,PSA-00486,PSF-00438,nodust_09_19,0,0,342.028656,210.199005,0.385435,555.043518,TIME,0,0.01,0.02,0.03,0.04,0.05,0.06,0.07,0.08,0.09,0.1,0.11,0.12,0.13,0.14,0.15,0.16,0.17,0.18,0.19,0.2,0.21,0.22,0.23,0.24,0.25,0.26,0.27,0.28,0.29,0.3,0.31,0.32,0.33,0.34,0.35,0.36,0.37,0.38,0.39,0.4,0.41,0.42,0.43,0.44,0.45,0.46,0.47,0.48,0.49,0.5,0.51,0.52,0.53,0.54,0.55,0.56,0.57,0.58,0.59,0.6,0.61,0.62,0.63,0.64,0.65,0.66,0.67,0.68,0.69,0.7,0.71,0.72,0.73,0.74,0.75,0.76,0.77,0.78,0.79,0.8,0.81,0.82,0.83,0.839999,0.849999,0.859999,0.869999,0.879999,0.889999,FLR,291.416992
18,09:47:06,8/5/26,TT25_psf,eap,,dust_02_02,,,0.169588,2.922486,0.160287,3.100269,2.128442,2.051078,3.825111,1.696669,22.614862,23.467875,42.175083,0.441786,7.5,PSF-00438_20260805094706_e1c,0,0,0,225.929977,409.095551,0.447733,0.5,0.8,82.923622,1,57.05,54.97,27.71,28.14,28.14,90.7,156.8,157.4,-0.4,463,3.737,09:40:48,8/5/26,-0.78,1,-0.002,-0.002,0.005,-0.656,0.785,12.989,1,150,0.005,2,0.058905,0,0.02923,0,0,-0.000068,standard,0,mpf,7000,500,5,2,300,300,300,396.873962,25,-9.801991,389.886627,395.083679,-5.197052,2.473416,2.491422,1.656314,0.939884,0.244859,0.005244,0.09788,0.523819,225.929977,0.000245,2.38896,-0.000025,1,2.402765,-0.000034,1,0.600816,0.600971,0.107301,0,PSF-00438_20260805094706_e1c,PFA-00474,PSA-00486,PSF-00438,RHS-00603,3.0.0
PSF-00438_20260805094706_e1c,09:47:06,8/5/26,PFA-00474,PSA-00486,PSF-00438,dust_02_02,0,0,409.095551,225.929977,0.447733,469.7052,TIME,0,0.01,0.02,0.03,0.04,0.05,0.06,0.07,0.08,0.09,0.1,0.11,0.12,0.13,0.14,0.15,0.16,0.17,0.18,0.19,0.2,0.21,0.22,0.23,0.24,0.25,0.26,0.27,0.28,0.29,0.3,0.31,0.32,0.33,0.34,0.35,0.36,0.37,0.38,0.39,0.4,0.41,0.42,0.43,0.44,0.45,0.46,0.47,0.48,0.49,0.5,0.51,0.52,0.53,0.54,0.55,0.56,0.57,0.58,0.59,0.6,0.61,0.62,0.63,0.64,0.65,0.66,0.67,0.68,0.69,0.7,0.71,0.72,0.73,0.74,0.75,0.76,0.77,0.78,0.79,0.8,0.81,0.82,0.83,0.839999,0.849999,0.859999,0.869999,0.879999,0.889999,FLR,331.021423
19,09:47:24,8/5/26,TT25_psf,eap,,nodust_10_20,,,0.239606,2.922865,0.221452,4.088175,2.1524,2.050435,3.772133,1.619732,22.606411,23.730595,41.588425,0.441786,7.5,PSF-00438_20260805094724_b17,0,0,0,211.098068,391.932037,0.461391,0.5,0.8,99.731941,1,57.15,54.44,27.87,27.9,27.9,90.7,156.8,157.4,-0.4,540,3.736,09:40:48,8/5/26,-0.78,1,0.001,0.002,-9999,2.935,4.495,-9999,1,150,0.005,2,0.058905,0,0.02923,0,0,-0.000068,standard,0,mpf,7000,500,5,2,300,300,300,385.93985,25,-4.859076,383.371338,384.986023,-1.614685,2.472681,2.491514,1.656712,0.939897,0.243297,0.000554,0.100233,0.593416,211.098068,0.000243,2.38896,-0.000025,1,2.402765,-0.000034,1,0.600816,0.600971,0.107301,0,PSF-00438_20260805094724_b17,PFA-00474,PSA-00486,PSF-00438,RHS-00603,3.0.0
PSF-00438_20260805094724_b17,09:47:24,8/5/26,PFA-00474,PSA-00486,PSF-00438,nodust_10_20,0,0,391.932037,211.098068,0.461391,547.072937,TIME,0,0.01,0.02,0.03,0.04,0.05,0.06,0.07,0.08,0.09,0.1,0.11,0.12,0.13,0.14,0.15,0.16,0.17,0.18,0.19,0.2,0.21,0.22,0.23,0.24,0.25,0.26,0.27,0.28,0.29,0.3,0.31,0.32,0.33,0.34,0.35,0.36,0.37,0.38,0.39,0.4,0.41,0.42,0.43,0.44,0.45,0.46,0.47,0.48,0.49,0.5,0.51,0.52,0.53,0.54,0.55,0.56,0.57,0.58,0.59,0.6,0.61,0.62,0.63,0.64,0.65,0.66,0.67,0.68,0.69,0.7,0.71,0.72,0.73,0.74,0.75,0.76,0.77,0.78,0.79,0.8,0.81,0.82,0.83,0.839999,0.849999,0.859999,0.869999,0.879999,0.889999,FLR,318.808075
20,09:47:41,8/5/26,TT25_psf,eap,,dust_01_01,,,0.060725,2.922998,0.059489,1.334031,2.096001,2.062712,4.060846,1.964845,22.74283,23.109863,44.77364,0.441786,7.5,PSF-00438_20260805094741_df0,0,0,0,226.920242,379.242035,0.401648,0.5,0.8,69.16655,1,55.16,54.28,28.02,29.17,29.17,90.7,156.9,157.1,-0.2,431,3.735,09:40:48,8/5/26,-0.78,1,0.001,0.002,-0.004,-0.461,0.135,17.213,1,150,0.005,2,0.058905,0,0.02923,0,0,-0.000068,standard,0,mpf,7000,500,5,2,300,300,300,374.230377,25,-4.600265,370.156647,372.665985,-2.509338,2.472438,2.488862,1.656852,0.939157,0.241835,0.01371,0.10249,0.494581,226.920242,0.000245,2.38896,-0.000025,1,2.402765,-0.000034,1,0.600816,0.600971,0.107301,0,PSF-00438_20260805094741_df0,PFA-00474,PSA-00486,PSF-00438,RHS-00603,3.0.0
PSF-00438_20260805094741_df0,09:47:41,8/5/26,PFA-00474,PSA-00486,PSF-00438,dust_01_01,0,0,379.242035,226.920242,0.401648,437.203094,TIME,0,0.01,0.02,0.03,0.04,0.05,0.06,0.07,0.08,0.09,0.1,0.11,0.12,0.13,0.14,0.15,0.16,0.17,0.18,0.19,0.2,0.21,0.22,0.23,0.24,0.25,0.26,0.27,0.28,0.29,0.3,0.31,0.32,0.33,0.34,0.35,0.36,0.37,0.38,0.39,0.4,0.41,0.42,0.43,0.44,0.45,0.46,0.47,0.48,0.49,0.5,0.51,0.52,0.53,0.54,0.55,0.56,0.57,0.58,0.59,0.6,0.61,0.62,0.63,0.64,0.65,0.66,0.67,0.68,0.69,0.7,0.71,0.72,0.73,0.74,0.75,0.76,0.77,0.78,0.79,0.8,0.81,0.82,0.83,0.839999,0.849999,0.859999,0.869999,0.879999,0.889999,FLR,322.420837
21,09:47:58,8/5/26,TT25_psf,eap,,dust_04_04,,,0.201544,2.921355,0.188537,3.567925,2.169642,2.080571,3.829214,1.659572,22.940365,23.922472,42.220905,0.441786,7.5,PSF-00438_20260805094758_1a0,0,0,0,211.762543,366.522949,0.422239,0.5,0.8,81.324661,1,56.62,54.3,28.17,28.15,28.15,90.69,156.7,157.4,-0.5,482,3.735,09:40:48,8/5/26,-0.78,1,0,0,-9999,1.463,1.495,-9999,1,150,0.005,2,0.058905,0,0.02923,0,0,-0.000068,standard,0,mpf,7000,500,5,2,300,300,300,359.840149,25,-5.059562,358.483307,359.290344,-0.807037,2.472425,2.490752,1.655129,0.939788,0.240473,0.000109,0.104607,0.54045,211.762543,0.000244,2.38896,-0.000025,1,2.402765,-0.000034,1,0.600816,0.600971,0.107301,0,PSF-00438_20260805094758_1a0,PFA-00474,PSA-00486,PSF-00438,RHS-00603,3.0.0
PSF-00438_20260805094758_1a0,09:47:58,8/5/26,PFA-00474,PSA-00486,PSF-00438,dust_04_04,0,0,366.522949,211.762543,0.422239,488.193909,TIME,0,0.01,0.02,0.03,0.04,0.05,0.06,0.07,0.08,0.09,0.1,0.11,0.12,0.13,0.14,0.15,0.16,0.17,0.18,0.19,0.2,0.21,0.22,0.23,0.24,0.25,0.26,0.27,0.28,0.29,0.3,0.31,0.32,0.33,0.34,0.35,0.36,0.37,0.38,0.39,0.4,0.41,0.42,0.43,0.44,0.45,0.46,0.47,0.48,0.49,0.5,0.51,0.52,0.53,0.54,0.55,0.56,0.57,0.58,0.59,0.6,0.61,0.62,0.63,0.64,0.65,0.66,0.67,0.68,0.69,0.7,0.71,0.72,0.73,0.74,0.75,0.76,0.77,0.78,0.79,0.8,0.81,0.82,0.83,0.839999,0.849999,0.859999,0.869999,0.879999,0.889999,FLR,306.901215
1,08:54:22,8/6/26,TT25_psf,eap,,dust_06_06,,,0.130062,2.922566,0.124521,2.054669,1.816461,1.764958,3.272532,1.456071,19.440483,20.007774,36.045956,0.441786,7.5,PSF-00438_20260806085422_335,0,0,0,53.247215,171.527557,0.68957,0.5,0.8,48.466984,1,59.47,57.79,24.33,25.48,25.48,90.79,156.8,157.9,-0.7,176,3.749,08:53:59,8/6/26,-0.83,1,-0.001,-0.005,-0.039,-0.006,-0.292,-1.039,1,150,0.005,2,0.058905,0,0.02923,0,0,-0.000068,standard,0,mpf,7000,500,5,2,300,300,300,168.409103,25,-2.085976,168.504242,168.54567,-0.041428,2.477935,2.495541,1.656399,0.941175,0.280158,0.013629,0.052391,0.265368,53.247215,0.00024,2.38896,-0.000025,1,2.402765,-0.000034,1,0.600816,0.600971,0.107301,0,PSF-00438_20260806085422_335,PFA-00474,PSA-00486,PSF-00438,RHS-00603,3.0.0
PSF-00438_20260806085422_335,08:54:22,8/6/26,PFA-00474,PSA-00486,PSF-00438,dust_06_06,0,0,171.527557,53.247215,0.68957,182.400192,TIME,0,0.01,0.02,0.03,0.04,0.05,0.06,0.07,0.08,0.09,0.1,0.11,0.12,0.13,0.14,0.15,0.16,0.17,0.18,0.19,0.2,0.21,0.22,0.23,0.24,0.25,0.26,0.27,0.28,0.29,0.3,0.31,0.32,0.33,0.34,0.35,0.36,0.37,0.38,0.39,0.4,0.41,0.42,0.43,0.44,0.45,0.46,0.47,0.48,0.49,0.5,0.51,0.52,0.53,0.54,0.55,0.56,0.57,0.58,0.59,0.6,0.61,0.62,0.63,0.64,0.65,0.66,0.67,0.68,0.69,0.7,0.71,0.72,0.73,0.74,0.75,0.76,0.77,0.78,0.79,0.8,0.81,0.82,0.83,0.839999,0.849999,0.859999,0.869999,0.879999,0.889999,FLR,116.004471
2,08:54:50,8/6/26,TT25_psf,eap,,nodust_06_16,,,0.302605,2.921799,0.274206,3.852047,1.914644,1.818123,3.154579,1.239936,20.023657,21.086676,34.742542,0.441786,7.5,PSF-00438_20260806085450_386,0,0,0,122.496124,369.797577,0.668748,0.5,0.8,47.890495,1,61.96,58.84,24.52,24.87,24.87,90.8,156.7,157.7,-0.7,179,3.746,08:53:59,8/6/26,-0.83,1,-0.001,-0.002,-9999,0.357,0.339,-9999,1,150,0.005,2,0.058905,0,0.02923,0,0,-0.000068,standard,0,mpf,7000,500,5,2,300,300,300,369.797577,25,0.769141,369.896637,370.897064,-1.000427,2.479252,2.498742,1.655595,0.940719,0.277979,0.004356,0.056555,0.268351,122.496124,0.000238,2.38896,-0.000025,1,2.402765,-0.000034,1,0.600816,0.600971,0.107301,0,PSF-00438_20260806085450_386,PFA-00474,PSA-00486,PSF-00438,RHS-00603,3.0.0
PSF-00438_20260806085450_386,08:54:50,8/6/26,PFA-00474,PSA-00486,PSF-00438,nodust_06_16,0,0,369.797577,122.496124,0.668748,185.716187,TIME,0,0.01,0.02,0.03,0.04,0.05,0.06,0.07,0.08,0.09,0.1,0.11,0.12,0.13,0.14,0.15,0.16,0.17,0.18,0.19,0.2,0.21,0.22,0.23,0.24,0.25,0.26,0.27,0.28,0.29,0.3,0.31,0.32,0.33,0.34,0.35,0.36,0.37,0.38,0.39,0.4,0.41,0.42,0.43,0.44,0.45,0.46,0.47,0.48,0.49,0.5,0.51,0.52,0.53,0.54,0.55,0.56,0.57,0.58,0.59,0.6,0.61,0.62,0.63,0.64,0.65,0.66,0.67,0.68,0.69,0.7,0.71,0.72,0.73,0.74,0.75,0.76,0.77,0.78,0.79,0.8,0.81,0.82,0.83,0.839999,0.849999,0.859999,0.869999,0.879999,0.889999,FLR,271.300781
3,08:55:27,8/6/26,TT25_psf,eap,,nodust_05_15,,,0.378302,2.921981,0.334938,4.293182,1.968858,1.861384,3.100014,1.131155,20.503664,21.687523,34.147514,0.441786,7.5,PSF-00438_20260806085527_419,0,0,0,120.964409,375.449158,0.677814,0.5,0.8,74.080368,1,62.82,59.39,24.76,24.58,24.58,90.78,156.7,157.8,-0.7,273,3.744,08:53:59,8/6/26,-0.83,1,-0.001,0.001,-9999,0.182,0.16,-9999,1,150,0.005,2,0.058905,0,0.02923,0,0,-0.000068,standard,0,mpf,7000,500,5,2,300,300,300,370.512848,25,-3.761865,369.000092,370.071594,-1.071503,2.479916,2.499807,1.655785,0.940771,0.275373,-0.001653,0.062219,0.353092,120.964409,0.000242,2.38896,-0.000025,1,2.402765,-0.000034,1,0.600816,0.600971,0.107301,0,PSF-00438_20260806085527_419,PFA-00474,PSA-00486,PSF-00438,RHS-00603,3.0.0
PSF-00438_20260806085527_419,08:55:27,8/6/26,PFA-00474,PSA-00486,PSF-00438,nodust_05_15,0,0,375.449158,120.964409,0.677814,279.918427,TIME,0,0.01,0.02,0.03,0.04,0.05,0.06,0.07,0.08,0.09,0.1,0.11,0.12,0.13,0.14,0.15,0.16,0.17,0.18,0.19,0.2,0.21,0.22,0.23,0.24,0.25,0.26,0.27,0.28,0.29,0.3,0.31,0.32,0.33,0.34,0.35,0.36,0.37,0.38,0.39,0.4,0.41,0.42,0.43,0.44,0.45,0.46,0.47,0.48,0.49,0.5,0.51,0.52,0.53,0.54,0.55,0.56,0.57,0.58,0.59,0.6,0.61,0.62,0.63,0.64,0.65,0.66,0.67,0.68,0.69,0.7,0.71,0.72,0.73,0.74,0.75,0.76,0.77,0.78,0.79,0.8,0.81,0.82,0.83,0.839999,0.849999,0.859999,0.869999,0.879999,0.889999,FLR,259.201874
4,08:55:59,8/6/26,TT25_psf,eap,,nodust_08_18,,,0.319444,2.921058,0.287954,4.247016,2.00333,1.896967,3.303259,1.299928,20.893948,22.065479,36.383404,0.441786,7.5,PSF-00438_20260806085559_fcc,0,0,0,183.239929,374.58139,0.510814,0.5,0.8,80.595993,1,63.12,59.77,24.97,25.64,25.64,90.79,156.6,157.7,-0.7,394,3.741,08:53:59,8/6/26,-0.83,1,0,-0.003,0.005,0.702,3.035,9.567,1,150,0.005,2,0.058905,0,0.02923,0,0,-0.000068,standard,0,mpf,7000,500,5,2,300,300,300,367.270233,25,-6.360905,363.555908,365.488525,-1.932617,2.480354,2.500144,1.654819,0.940713,0.273064,0.008084,0.066866,0.462135,183.239929,0.000241,2.38896,-0.000025,1,2.402765,-0.000034,1,0.600816,0.600971,0.107301,0,PSF-00438_20260806085559_fcc,PFA-00474,PSA-00486,PSF-00438,RHS-00603,3.0.0
PSF-00438_20260806085559_fcc,08:55:59,8/6/26,PFA-00474,PSA-00486,PSF-00438,nodust_08_18,0,0,374.58139,183.239929,0.510814,401.134521,TIME,0,0.01,0.02,0.03,0.04,0.05,0.06,0.07,0.08,0.09,0.1,0.11,0.12,0.13,0.14,0.15,0.16,0.17,0.18,0.19,0.2,0.21,0.22,0.23,0.24,0.25,0.26,0.27,0.28,0.29,0.3,0.31,0.32,0.33,0.34,0.35,0.36,0.37,0.38,0.39,0.4,0.41,0.42,0.43,0.44,0.45,0.46,0.47,0.48,0.49,0.5,0.51,0.52,0.53,0.54,0.55,0.56,0.57,0.58,0.59,0.6,0.61,0.62,0.63,0.64,0.65,0.66,0.67,0.68,0.69,0.7,0.71,0.72,0.73,0.74,0.75,0.76,0.77,0.78,0.79,0.8,0.81,0.82,0.83,0.839999,0.849999,0.859999,0.869999,0.879999,0.889999,FLR,298.952576
5,08:56:20,8/6/26,TT25_psf,eap,,nodust_03_13,,,0.288219,2.920581,0.262331,3.440585,2.017779,1.931585,3.174596,1.156817,21.273258,22.222544,34.96299,0.441786,7.5,PSF-00438_20260806085620_66d,0,0,0,131.655334,396.957031,0.668339,0.5,0.8,65.912491,1,63.02,60.33,25.12,24.97,24.97,90.8,156.6,157.8,-0.8,247,3.738,08:53:59,8/6/26,-0.83,1,0.002,0.002,-9999,-0.075,-0.278,-9999,1,150,0.005,2,0.058905,0,0.02923,0,0,-0.000068,standard,0,mpf,7000,500,5,2,300,300,300,391.136169,25,-3.867576,390.783203,391.428375,-0.645172,2.481041,2.499972,1.654321,0.940915,0.27146,-0.001235,0.069867,0.329093,131.655334,0.000241,2.38896,-0.000025,1,2.402765,-0.000034,1,0.600816,0.600971,0.107301,0,PSF-00438_20260806085620_66d,PFA-00474,PSA-00486,PSF-00438,RHS-00603,3.0.0
PSF-00438_20260806085620_66d,08:56:20,8/6/26,PFA-00474,PSA-00486,PSF-00438,nodust_03_13,0,0,396.957031,131.655334,0.668339,253.239304,TIME,0,0.01,0.02,0.03,0.04,0.05,0.06,0.07,0.08,0.09,0.1,0.11,0.12,0.13,0.14,0.15,0.16,0.17,0.18,0.19,0.2,0.21,0.22,0.23,0.24,0.25,0.26,0.27,0.28,0.29,0.3,0.31,0.32,0.33,0.34,0.35,0.36,0.37,0.38,0.39,0.4,0.41,0.42,0.43,0.44,0.45,0.46,0.47,0.48,0.49,0.5,0.51,0.52,0.53,0.54,0.55,0.56,0.57,0.58,0.59,0.6,0.61,0.62,0.63,0.64,0.65,0.66,0.67,0.68,0.69,0.7,0.71,0.72,0.73,0.74,0.75,0.76,0.77,0.78,0.79,0.8,0.81,0.82,0.83,0.839999,0.849999,0.859999,0.869999,0.879999,0.889999,FLR,274.325256
6,08:57:42,8/6/26,TT25_psf,eap,,nodust_01_11,,,0.467899,2.922071,0.403317,4.769891,2.117774,1.99855,3.160435,1.042662,22.010157,23.323177,34.80608,0.441786,7.5,PSF-00438_20260806085742_247,0,0,0,183.363312,414.493713,0.557621,0.5,0.8,66.557877,1,63.89,60.29,25.7,24.9,24.9,90.8,156.7,157.6,-0.6,298,3.736,08:53:59,8/6/26,-0.83,1,0.002,0.004,0.011,-0.016,1.01,3.049,1,150,0.005,2,0.058905,0,0.02923,0,0,-0.000068,standard,0,mpf,7000,500,5,2,300,300,300,410.420532,25,-3.33902,408.630249,409.720612,-1.090363,2.480845,2.500952,1.655879,0.940395,0.265216,-0.008782,0.081728,0.375733,183.363312,0.000241,2.38896,-0.000025,1,2.402765,-0.000034,1,0.600816,0.600971,0.107301,0,PSF-00438_20260806085742_247,PFA-00474,PSA-00486,PSF-00438,RHS-00603,3.0.0
PSF-00438_20260806085742_247,08:57:42,8/6/26,PFA-00474,PSA-00486,PSF-00438,nodust_01_11,0,0,414.493713,183.363312,0.557621,305.086853,TIME,0,0.01,0.02,0.03,0.04,0.05,0.06,0.07,0.08,0.09,0.1,0.11,0.12,0.13,0.14,0.15,0.16,0.17,0.18,0.19,0.2,0.21,0.22,0.23,0.24,0.25,0.26,0.27,0.28,0.29,0.3,0.31,0.32,0.33,0.34,0.35,0.36,0.37,0.38,0.39,0.4,0.41,0.42,0.43,0.44,0.45,0.46,0.47,0.48,0.49,0.5,0.51,0.52,0.53,0.54,0.55,0.56,0.57,0.58,0.59,0.6,0.61,0.62,0.63,0.64,0.65,0.66,0.67,0.68,0.69,0.7,0.71,0.72,0.73,0.74,0.75,0.76,0.77,0.78,0.79,0.8,0.81,0.82,0.83,0.839999,0.849999,0.859999,0.869999,0.879999,0.889999,FLR,316.971313
7,08:57:59,8/6/26,TT25_psf,eap,,nodust_02_12,,,0.147462,2.923168,0.140381,2.236111,2.075019,2.01915,3.47714,1.402121,22.237396,22.852697,38.294601,0.441786,7.5,PSF-00438_20260806085759_830,0,0,0,183.307526,410.400391,0.553345,0.5,0.8,77.529953,1,62.15,60.47,25.82,26.51,26.51,90.8,156.9,157.8,-0.6,350,3.735,08:53:59,8/6/26,-0.83,1,0,-0.002,-9999,2.633,4.493,-9999,1,150,0.005,2,0.058905,0,0.02923,0,0,-0.000068,standard,0,mpf,7000,500,5,2,300,300,300,405.814636,25,-3.484828,404.883728,405.418854,-0.535126,2.481053,2.498651,1.657031,0.940851,0.263935,0.008257,0.084005,0.422401,183.307526,0.000241,2.38896,-0.000025,1,2.402765,-0.000034,1,0.600816,0.600971,0.107301,0,PSF-00438_20260806085759_830,PFA-00474,PSA-00486,PSF-00438,RHS-00603,3.0.0
PSF-00438_20260806085759_830,08:57:59,8/6/26,PFA-00474,PSA-00486,PSF-00438,nodust_02_12,0,0,410.400391,183.307526,0.553345,356.9646,TIME,0,0.01,0.02,0.03,0.04,0.05,0.06,0.07,0.08,0.09,0.1,0.11,0.12,0.13,0.14,0.15,0.16,0.17,0.18,0.19,0.2,0.21,0.22,0.23,0.24,0.25,0.26,0.27,0.28,0.29,0.3,0.31,0.32,0.33,0.34,0.35,0.36,0.37,0.38,0.39,0.4,0.41,0.42,0.43,0.44,0.45,0.46,0.47,0.48,0.49,0.5,0.51,0.52,0.53,0.54,0.55,0.56,0.57,0.58,0.59,0.6,0.61,0.62,0.63,0.64,0.65,0.66,0.67,0.68,0.69,0.7,0.71,0.72,0.73,0.74,0.75,0.76,0.77,0.78,0.79,0.8,0.81,0.82,0.83,0.839999,0.849999,0.859999,0.869999,0.879999,0.889999,FLR,318.883179
8,08:58:23,8/6/26,TT25_psf,eap,,nodust_04_14,,,0.301652,2.922572,0.27343,3.787849,2.125674,2.031048,3.345585,1.219911,22.369289,23.411472,36.847176,0.441786,7.5,PSF-00438_20260806085823_ea3,0,0,0,171.797989,379.729553,0.547578,0.5,0.8,70.560158,1,63,60.2,26,25.86,25.86,90.8,156.8,157.1,-0.2,322,3.733,08:53:59,8/6/26,-0.83,1,0,0,0.011,0.573,3.123,4.972,1,150,0.005,2,0.058905,0,0.02923,0,0,-0.000068,standard,0,mpf,7000,500,5,2,300,300,300,378.552673,25,-1.206567,377.200134,378.004791,-0.804657,2.480648,2.499719,1.656405,0.939171,0.262082,-0.001297,0.087264,0.397094,171.797989,0.000241,2.38896,-0.000025,1,2.402765,-0.000034,1,0.600816,0.600971,0.107301,0,PSF-00438_20260806085823_ea3,PFA-00474,PSA-00486,PSF-00438,RHS-00603,3.0.0
PSF-00438_20260806085823_ea3,08:58:23,8/6/26,PFA-00474,PSA-00486,PSF-00438,nodust_04_14,0,0,379.729553,171.797989,0.547578,328.832397,TIME,0,0.01,0.02,0.03,0.04,0.05,0.06,0.07,0.08,0.09,0.1,0.11,0.12,0.13,0.14,0.15,0.16,0.17,0.18,0.19,0.2,0.21,0.22,0.23,0.24,0.25,0.26,0.27,0.28,0.29,0.3,0.31,0.32,0.33,0.34,0.35,0.36,0.37,0.38,0.39,0.4,0.41,0.42,0.43,0.44,0.45,0.46,0.47,0.48,0.49,0.5,0.51,0.52,0.53,0.54,0.55,0.56,0.57,0.58,0.59,0.6,0.61,0.62,0.63,0.64,0.65,0.66,0.67,0.68,0.69,0.7,0.71,0.72,0.73,0.74,0.75,0.76,0.77,0.78,0.79,0.8,0.81,0.82,0.83,0.839999,0.849999,0.859999,0.869999,0.879999,0.889999,FLR,297.4552
9,08:58:46,8/6/26,TT25_psf,eap,,nodust_07_17,,,0.501957,2.9228,0.428386,5.689629,2.180396,2.038375,3.349577,1.169181,22.450176,24.014362,36.891441,0.441786,7.5,PSF-00438_20260806085846_79d,0,0,0,183.132294,389.393005,0.529698,0.5,0.8,115.37233,1,63.97,59.8,26.17,25.88,25.88,90.8,156.8,155.1,1.1,545,3.732,08:53:59,8/6/26,-0.83,1,0.001,0.001,0.01,0.278,1.611,3.877,1,150,0.005,2,0.058905,0,0.02923,0,0,-0.000068,standard,0,mpf,7000,500,5,2,300,300,300,375.557892,25,-10.574777,372.964386,374.276459,-1.312073,2.480096,2.500941,1.656643,0.933939,0.2603,-0.003043,0.090351,0.597133,183.132294,0.000239,2.38896,-0.000025,1,2.402765,-0.000034,1,0.600816,0.600971,0.107301,0,PSF-00438_20260806085846_79d,PFA-00474,PSA-00486,PSF-00438,RHS-00603,3.0.0
PSF-00438_20260806085846_79d,08:58:46,8/6/26,PFA-00474,PSA-00486,PSF-00438,nodust_07_17,0,0,389.393005,183.132294,0.529698,551.205139,TIME,0,0.01,0.02,0.03,0.04,0.05,0.06,0.07,0.08,0.09,0.1,0.11,0.12,0.13,0.14,0.15,0.16,0.17,0.18,0.19,0.2,0.21,0.22,0.23,0.24,0.25,0.26,0.27,0.28,0.29,0.3,0.31,0.32,0.33,0.34,0.35,0.36,0.37,0.38,0.39,0.4,0.41,0.42,0.43,0.44,0.45,0.46,0.47,0.48,0.49,0.5,0.51,0.52,0.53,0.54,0.55,0.56,0.57,0.58,0.59,0.6,0.61,0.62,0.63,0.64,0.65,0.66,0.67,0.68,0.69,0.7,0.71,0.72,0.73,0.74,0.75,0.76,0.77,0.78,0.79,0.8,0.81,0.82,0.83,0.839999,0.849999,0.859999,0.869999,0.879999,0.889999,FLR,295.292603
10,08:59:06,8/6/26,TT25_psf,eap,,nodust_10_20,,,0.283745,2.921709,0.258628,3.578331,2.161795,2.072385,3.379609,1.217814,22.826199,23.811005,37.224567,0.441786,7.5,PSF-00438_20260806085906_689,0,0,0,177.27327,408.476013,0.566013,0.5,0.8,83.563515,1,62.85,60.25,26.32,26.03,26.03,90.79,156.7,157.2,-0.3,369,3.73,08:53:59,8/6/26,-0.83,1,0.007,0.004,-9999,0.136,1.518,-9999,1,150,0.005,2,0.058905,0,0.02923,0,0,-0.000068,standard,0,mpf,7000,500,5,2,300,300,300,404.633759,25,-3.390053,402.519104,403.629974,-1.11087,2.480644,2.499445,1.655499,0.939212,0.258722,-0.00308,0.093054,0.439321,177.27327,0.000242,2.38896,-0.000025,1,2.402765,-0.000034,1,0.600816,0.600971,0.107301,0,PSF-00438_20260806085906_689,PFA-00474,PSA-00486,PSF-00438,RHS-00603,3.0.0
PSF-00438_20260806085906_689,08:59:06,8/6/26,PFA-00474,PSA-00486,PSF-00438,nodust_10_20,0,0,408.476013,177.27327,0.566013,375.774109,TIME,0,0.01,0.02,0.03,0.04,0.05,0.06,0.07,0.08,0.09,0.1,0.11,0.12,0.13,0.14,0.15,0.16,0.17,0.18,0.19,0.2,0.21,0.22,0.23,0.24,0.25,0.26,0.27,0.28,0.29,0.3,0.31,0.32,0.33,0.34,0.35,0.36,0.37,0.38,0.39,0.4,0.41,0.42,0.43,0.44,0.45,0.46,0.47,0.48,0.49,0.5,0.51,0.52,0.53,0.54,0.55,0.56,0.57,0.58,0.59,0.6,0.61,0.62,0.63,0.64,0.65,0.66,0.67,0.68,0.69,0.7,0.71,0.72,0.73,0.74,0.75,0.76,0.77,0.78,0.79,0.8,0.81,0.82,0.83,0.839999,0.849999,0.859999,0.869999,0.879999,0.889999,FLR,313.356384
11,08:59:34,8/6/26,TT25_psf,eap,,nodust_09_19,,,0.201819,2.922123,0.188781,2.995855,2.128401,2.053534,3.524468,1.396067,22.616449,23.440992,38.816483,0.441786,7.5,PSF-00438_20260806085934_12e,0,0,0,171.767242,380.500702,0.548576,0.5,0.8,99.735039,1,61.13,58.98,26.53,26.74,26.74,90.8,156.8,156.9,-0.1,455,3.729,08:53:59,8/6/26,-0.83,1,0.003,0.003,-9999,2.114,3.824,-9999,1,150,0.005,2,0.058905,0,0.02923,0,0,-0.000068,standard,0,mpf,7000,500,5,2,300,300,300,375.434875,25,-3.929545,374.292969,374.883453,-0.590485,2.478934,2.497139,1.655934,0.938641,0.256594,0.002709,0.09677,0.516171,171.767242,0.000245,2.38896,-0.000025,1,2.402765,-0.000034,1,0.600816,0.600971,0.107301,0,PSF-00438_20260806085934_12e,PFA-00474,PSA-00486,PSF-00438,RHS-00603,3.0.0
PSF-00438_20260806085934_12e,08:59:34,8/6/26,PFA-00474,PSA-00486,PSF-00438,nodust_09_19,0,0,380.500702,171.767242,0.548576,461.203888,TIME,0,0.01,0.02,0.03,0.04,0.05,0.06,0.07,0.08,0.09,0.1,0.11,0.12,0.13,0.14,0.15,0.16,0.17,0.18,0.19,0.2,0.21,0.22,0.23,0.24,0.25,0.26,0.27,0.28,0.29,0.3,0.31,0.32,0.33,0.34,0.35,0.36,0.37,0.38,0.39,0.4,0.41,0.42,0.43,0.44,0.45,0.46,0.47,0.48,0.49,0.5,0.51,0.52,0.53,0.54,0.55,0.56,0.57,0.58,0.59,0.6,0.61,0.62,0.63,0.64,0.65,0.66,0.67,0.68,0.69,0.7,0.71,0.72,0.73,0.74,0.75,0.76,0.77,0.78,0.79,0.8,0.81,0.82,0.83,0.839999,0.849999,0.859999,0.869999,0.879999,0.889999,FLR,294.863831
12,09:00:14,8/6/26,TT25_psf,eap,,dust_02_02,,,0.18317,2.92267,0.172368,2.820292,2.157311,2.086885,3.595889,1.438578,22.983826,23.759459,39.603172,0.441786,7.5,PSF-00438_20260806090014_8dc,0,0,0,100.713013,266.552551,0.622164,0.5,0.8,92.02639,1,60.87,58.89,26.83,27.08,27.08,90.8,156.8,157.7,-0.6,370,3.727,08:53:59,8/6/26,-0.83,1,0,0.003,-9999,1.073,1.604,-9999,1,150,0.005,2,0.058905,0,0.02923,0,0,-0.000068,standard,0,mpf,7000,500,5,2,300,300,300,261.683105,25,-3.390053,261.171692,261.706512,-0.534821,2.478739,2.496727,1.656508,0.940656,0.25355,0.003176,0.102076,0.439946,100.713013,0.000242,2.38896,-0.000025,1,2.402765,-0.000034,1,0.600816,0.600971,0.107301,0,PSF-00438_20260806090014_8dc,PFA-00474,PSA-00486,PSF-00438,RHS-00603,3.0.0
PSF-00438_20260806090014_8dc,09:00:14,8/6/26,PFA-00474,PSA-00486,PSF-00438,dust_02_02,0,0,266.552551,100.713013,0.622164,376.469025,TIME,0,0.01,0.02,0.03,0.04,0.05,0.06,0.07,0.08,0.09,0.1,0.11,0.12,0.13,0.14,0.15,0.16,0.17,0.18,0.19,0.2,0.21,0.22,0.23,0.24,0.25,0.26,0.27,0.28,0.29,0.3,0.31,0.32,0.33,0.34,0.35,0.36,0.37,0.38,0.39,0.4,0.41,0.42,0.43,0.44,0.45,0.46,0.47,0.48,0.49,0.5,0.51,0.52,0.53,0.54,0.55,0.56,0.57,0.58,0.59,0.6,0.61,0.62,0.63,0.64,0.65,0.66,0.67,0.68,0.69,0.7,0.71,0.72,0.73,0.74,0.75,0.76,0.77,0.78,0.79,0.8,0.81,0.82,0.83,0.839999,0.849999,0.859999,0.869999,0.879999,0.889999,FLR,189.384338
13,09:00:41,8/6/26,TT25_psf,eap,,dust_03_03,,,0.307754,2.921184,0.278421,4.199913,2.198755,2.093809,3.525179,1.326423,23.061226,24.217098,38.826332,0.441786,7.5,PSF-00438_20260806090041_bc4,0,0,0,98.87767,237.041016,0.582867,0.5,0.8,97.691574,1,61.25,58.33,27.05,26.74,26.74,90.79,156.6,157.6,-0.6,419,3.726,08:53:59,8/6/26,-0.83,1,0.002,0.002,-9999,-0.333,0.669,-9999,1,150,0.005,2,0.058905,0,0.02923,0,0,-0.000068,standard,0,mpf,7000,500,5,2,300,300,300,229.940414,25,-4.815333,230.267288,230.157532,0.109756,2.477957,2.497164,1.65495,0.940311,0.251357,-0.003277,0.105626,0.484232,98.87767,0.000242,2.38896,-0.000025,1,2.402765,-0.000034,1,0.600816,0.600971,0.107301,0,PSF-00438_20260806090041_bc4,PFA-00474,PSA-00486,PSF-00438,RHS-00603,3.0.0
PSF-00438_20260806090041_bc4,09:00:41,8/6/26,PFA-00474,PSA-00486,PSF-00438,dust_03_03,0,0,237.041016,98.87767,0.582867,425.699066,TIME,0,0.01,0.02,0.03,0.04,0.05,0.06,0.07,0.08,0.09,0.1,0.11,0.12,0.13,0.14,0.15,0.16,0.17,0.18,0.19,0.2,0.21,0.22,0.23,0.24,0.25,0.26,0.27,0.28,0.29,0.3,0.31,0.32,0.33,0.34,0.35,0.36,0.37,0.38,0.39,0.4,0.41,0.42,0.43,0.44,0.45,0.46,0.47,0.48,0.49,0.5,0.51,0.52,0.53,0.54,0.55,0.56,0.57,0.58,0.59,0.6,0.61,0.62,0.63,0.64,0.65,0.66,0.67,0.68,0.69,0.7,0.71,0.72,0.73,0.74,0.75,0.76,0.77,0.78,0.79,0.8,0.81,0.82,0.83,0.839999,0.849999,0.859999,0.869999,0.879999,0.889999,FLR,174.691559
14,09:01:19,8/6/26,TT25_psf,eap,,dust_01_01,,,0.401227,2.923435,0.352806,5.0323,2.281555,2.156156,3.535072,1.253517,23.74876,25.129957,38.936695,0.441786,7.5,PSF-00438_20260806090119_f40,0,0,0,132.640961,283.23349,0.53169,0.5,0.8,96.215607,1,62.54,59.1,27.32,26.79,26.79,90.79,156.9,157.4,-0.3,452,3.724,08:53:59,8/6/26,-0.83,1,0.001,0.003,0.009,0.614,1.748,3.208,1,150,0.005,2,0.058905,0,0.02923,0,0,-0.000068,standard,0,mpf,7000,500,5,2,300,300,300,278.056732,25,-3.902206,277.136932,277.655334,-0.518402,2.478897,2.498778,1.65731,0.939771,0.248627,-0.005928,0.110473,0.51427,132.640961,0.000243,2.38896,-0.000025,1,2.402765,-0.000034,1,0.600816,0.600971,0.107301,0,PSF-00438_20260806090119_f40,PFA-00474,PSA-00486,PSF-00438,RHS-00603,3.0.0
PSF-00438_20260806090119_f40,09:01:19,8/6/26,PFA-00474,PSA-00486,PSF-00438,dust_01_01,0,0,283.23349,132.640961,0.53169,459.090088,TIME,0,0.01,0.02,0.03,0.04,0.05,0.06,0.07,0.08,0.09,0.1,0.11,0.12,0.13,0.14,0.15,0.16,0.17,0.18,0.19,0.2,0.21,0.22,0.23,0.24,0.25,0.26,0.27,0.28,0.29,0.3,0.31,0.32,0.33,0.34,0.35,0.36,0.37,0.38,0.39,0.4,0.41,0.42,0.43,0.44,0.45,0.46,0.47,0.48,0.49,0.5,0.51,0.52,0.53,0.54,0.55,0.56,0.57,0.58,0.59,0.6,0.61,0.62,0.63,0.64,0.65,0.66,0.67,0.68,0.69,0.7,0.71,0.72,0.73,0.74,0.75,0.76,0.77,0.78,0.79,0.8,0.81,0.82,0.83,0.839999,0.849999,0.859999,0.869999,0.879999,0.889999,FLR,217.100861
15,09:01:52,8/6/26,TT25_psf,eap,,dust_04_04,,,0.201113,2.922292,0.188164,2.947692,2.23392,2.160352,3.610586,1.376667,23.792225,24.602438,39.76384,0.441786,7.5,PSF-00438_20260806090152_7e4,0,0,0,82.06916,235.498138,0.651508,0.5,0.8,77.919281,1,60.39,58.4,27.56,27.15,27.15,90.8,156.8,157.1,-0.2,299,3.723,08:53:59,8/6/26,-0.83,1,0.002,0.003,-9999,0.267,1.386,-9999,1,150,0.005,2,0.058905,0,0.02923,0,0,-0.000068,standard,0,mpf,7000,500,5,2,300,300,300,229.410416,25,-4.068063,230.468628,229.682877,0.785751,2.477926,2.495906,1.656111,0.939181,0.246298,-0.004533,0.114726,0.376268,82.06916,0.000243,2.38896,-0.000025,1,2.402765,-0.000034,1,0.600816,0.600971,0.107301,0,PSF-00438_20260806090152_7e4,PFA-00474,PSA-00486,PSF-00438,RHS-00603,3.0.0
PSF-00438_20260806090152_7e4,09:01:52,8/6/26,PFA-00474,PSA-00486,PSF-00438,dust_04_04,0,0,235.498138,82.06916,0.651508,305.68158,TIME,0,0.01,0.02,0.03,0.04,0.05,0.06,0.07,0.08,0.09,0.1,0.11,0.12,0.13,0.14,0.15,0.16,0.17,0.18,0.19,0.2,0.21,0.22,0.23,0.24,0.25,0.26,0.27,0.28,0.29,0.3,0.31,0.32,0.33,0.34,0.35,0.36,0.37,0.38,0.39,0.4,0.41,0.42,0.43,0.44,0.45,0.46,0.47,0.48,0.49,0.5,0.51,0.52,0.53,0.54,0.55,0.56,0.57,0.58,0.59,0.6,0.61,0.62,0.63,0.64,0.65,0.66,0.67,0.68,0.69,0.7,0.71,0.72,0.73,0.74,0.75,0.76,0.77,0.78,0.79,0.8,0.81,0.82,0.83,0.839999,0.849999,0.859999,0.869999,0.879999,0.889999,FLR,158.445602
16,09:02:18,8/6/26,TT25_psf,eap,,dust_07_07,,,0.214446,2.92373,0.199792,3.322799,2.244877,2.162051,3.705536,1.46066,23.810808,24.722971,40.809311,0.441786,7.5,PSF-00438_20260806090218_fa9,0,0,0,70.109726,230.070145,0.695268,0.5,0.8,77.260544,1,60.05,57.83,27.74,27.59,27.59,90.8,157,157.4,-0.3,278,3.722,08:53:59,8/6/26,-0.83,1,0,0.001,0.012,-0.102,-0.128,-0.042,1,150,0.005,2,0.058905,0,0.02923,0,0,-0.000068,standard,0,mpf,7000,500,5,2,300,300,300,222.642303,25,-5.074143,223.473434,222.816696,0.656738,2.477141,2.495413,1.657621,0.939732,0.244538,-0.001499,0.117962,0.357209,70.109726,0.000243,2.38896,-0.000025,1,2.402765,-0.000034,1,0.600816,0.600971,0.107301,0,PSF-00438_20260806090218_fa9,PFA-00474,PSA-00486,PSF-00438,RHS-00603,3.0.0
PSF-00438_20260806090218_fa9,09:02:18,8/6/26,PFA-00474,PSA-00486,PSF-00438,dust_07_07,0,0,230.070145,70.109726,0.695268,284.494293,TIME,0,0.01,0.02,0.03,0.04,0.05,0.06,0.07,0.08,0.09,0.1,0.11,0.12,0.13,0.14,0.15,0.16,0.17,0.18,0.19,0.2,0.21,0.22,0.23,0.24,0.25,0.26,0.27,0.28,0.29,0.3,0.31,0.32,0.33,0.34,0.35,0.36,0.37,0.38,0.39,0.4,0.41,0.42,0.43,0.44,0.45,0.46,0.47,0.48,0.49,0.5,0.51,0.52,0.53,0.54,0.55,0.56,0.57,0.58,0.59,0.6,0.61,0.62,0.63,0.64,0.65,0.66,0.67,0.68,0.69,0.7,0.71,0.72,0.73,0.74,0.75,0.76,0.77,0.78,0.79,0.8,0.81,0.82,0.83,0.839999,0.849999,0.859999,0.869999,0.879999,0.889999,FLR,136.63208
17,09:02:47,8/6/26,TT25_psf,eap,,dust_10_10,,,0.224723,2.922491,0.208677,3.41327,2.25159,2.166419,3.688448,1.436858,23.855297,24.79315,40.614964,0.441786,7.5,PSF-00438_20260806090247_bda,0,0,0,110.127571,266.468628,0.586715,0.5,0.8,77.627594,1,59.55,57.3,27.94,27.51,27.51,90.82,156.8,157.3,-0.3,331,3.721,08:53:59,8/6/26,-0.83,1,0.001,0.004,0.011,0.677,3.841,6.06,1,150,0.005,2,0.058905,0,0.02923,0,0,-0.000068,standard,0,mpf,7000,500,5,2,300,300,300,260.552277,25,-4.193823,260.194672,260.473602,-0.278931,2.476391,2.494705,1.656319,0.939642,0.242655,-0.004702,0.121564,0.404853,110.127571,0.000244,2.38896,-0.000025,1,2.402765,-0.000034,1,0.600816,0.600971,0.107301,0,PSF-00438_20260806090247_bda,PFA-00474,PSA-00486,PSF-00438,RHS-00603,3.0.0
PSF-00438_20260806090247_bda,09:02:47,8/6/26,PFA-00474,PSA-00486,PSF-00438,dust_10_10,0,0,266.468628,110.127571,0.586715,337.45816,TIME,0,0.01,0.02,0.03,0.04,0.05,0.06,0.07,0.08,0.09,0.1,0.11,0.12,0.13,0.14,0.15,0.16,0.17,0.18,0.19,0.2,0.21,0.22,0.23,0.24,0.25,0.26,0.27,0.28,0.29,0.3,0.31,0.32,0.33,0.34,0.35,0.36,0.37,0.38,0.39,0.4,0.41,0.42,0.43,0.44,0.45,0.46,0.47,0.48,0.49,0.5,0.51,0.52,0.53,0.54,0.55,0.56,0.57,0.58,0.59,0.6,0.61,0.62,0.63,0.64,0.65,0.66,0.67,0.68,0.69,0.7,0.71,0.72,0.73,0.74,0.75,0.76,0.77,0.78,0.79,0.8,0.81,0.82,0.83,0.839999,0.849999,0.859999,0.869999,0.879999,0.889999,FLR,196.284058
18,09:03:15,8/6/26,TT25_psf,eap,,dust_08_08,,,0.153977,2.92292,0.146272,2.458396,2.251467,2.190147,3.727476,1.476009,24.11784,24.793097,41.04686,0.441786,7.5,PSF-00438_20260806090315_140,0,0,0,119.489548,291.495544,0.590081,0.5,0.8,106.314011,1,58.88,57.28,28.13,27.69,27.69,90.81,156.9,153.3,2.2,450,3.72,08:53:59,8/6/26,-0.83,1,0.003,0.003,-9999,0.712,3.676,-9999,1,150,0.005,2,0.058905,0,0.02923,0,0,-0.000068,standard,0,mpf,7000,500,5,2,300,300,300,284.404266,25,-4.94656,284.260162,284.424469,-0.164307,2.476323,2.493787,1.65677,0.929496,0.240821,-0.004853,0.125066,0.512486,119.489548,0.000242,2.38896,-0.000025,1,2.402765,-0.000034,1,0.600816,0.600971,0.107301,0,PSF-00438_20260806090315_140,PFA-00474,PSA-00486,PSF-00438,RHS-00603,3.0.0
PSF-00438_20260806090315_140,09:03:15,8/6/26,PFA-00474,PSA-00486,PSF-00438,dust_08_08,0,0,291.495544,119.489548,0.590081,457.107086,TIME,0,0.01,0.02,0.03,0.04,0.05,0.06,0.07,0.08,0.09,0.1,0.11,0.12,0.13,0.14,0.15,0.16,0.17,0.18,0.19,0.2,0.21,0.22,0.23,0.24,0.25,0.26,0.27,0.28,0.29,0.3,0.31,0.32,0.33,0.34,0.35,0.36,0.37,0.38,0.39,0.4,0.41,0.42,0.43,0.44,0.45,0.46,0.47,0.48,0.49,0.5,0.51,0.52,0.53,0.54,0.55,0.56,0.57,0.58,0.59,0.6,0.61,0.62,0.63,0.64,0.65,0.66,0.67,0.68,0.69,0.7,0.71,0.72,0.73,0.74,0.75,0.76,0.77,0.78,0.79,0.8,0.81,0.82,0.83,0.839999,0.849999,0.859999,0.869999,0.879999,0.889999,FLR,209.176178
19,09:03:45,8/6/26,TT25_psf,eap,,dust_09_09,,,0.482032,2.922676,0.413787,5.284061,2.300941,2.169198,3.423943,1.123002,23.889059,25.339916,37.707375,0.441786,7.5,PSF-00438_20260806090345_d4d,0,0,0,116.694328,355.024628,0.671306,0.5,0.8,90.309883,1,59.54,56.13,28.31,26.25,26.25,90.8,156.8,157,-0.1,336,3.719,08:53:59,8/6/26,-0.83,1,0,-0.001,0.013,-0.231,-0.521,-0.981,1,150,0.005,2,0.058905,0,0.02923,0,0,-0.000068,standard,0,mpf,7000,500,5,2,300,300,300,346.964478,25,-5.482408,347.18692,347.187561,-0.000641,2.474779,2.494596,1.656513,0.938923,0.239077,-0.023703,0.12866,0.409845,116.694328,0.000243,2.38896,-0.000025,1,2.402765,-0.000034,1,0.600816,0.600971,0.107301,0,PSF-00438_20260806090345_d4d,PFA-00474,PSA-00486,PSF-00438,RHS-00603,3.0.0
PSF-00438_20260806090345_d4d,09:03:45,8/6/26,PFA-00474,PSA-00486,PSF-00438,dust_09_09,0,0,355.024628,116.694328,0.671306,343.007233,TIME,0,0.01,0.02,0.03,0.04,0.05,0.06,0.07,0.08,0.09,0.1,0.11,0.12,0.13,0.14,0.15,0.16,0.17,0.18,0.19,0.2,0.21,0.22,0.23,0.24,0.25,0.26,0.27,0.28,0.29,0.3,0.31,0.32,0.33,0.34,0.35,0.36,0.37,0.38,0.39,0.4,0.41,0.42,0.43,0.44,0.45,0.46,0.47,0.48,0.49,0.5,0.51,0.52,0.53,0.54,0.55,0.56,0.57,0.58,0.59,0.6,0.61,0.62,0.63,0.64,0.65,0.66,0.67,0.68,0.69,0.7,0.71,0.72,0.73,0.74,0.75,0.76,0.77,0.78,0.79,0.8,0.81,0.82,0.83,0.839999,0.849999,0.859999,0.869999,0.879999,0.889999,FLR,256.751068
20,09:04:12,8/6/26,TT25_psf,eap,,dust_05_05,,,0.389948,2.923653,0.344059,4.966201,2.291566,2.167825,3.560064,1.268498,23.872751,25.235422,39.204517,0.441786,7.5,PSF-00438_20260806090412_f57,0,0,0,62.031982,217.058273,0.714215,0.5,0.8,108.044716,1,58.76,55.58,28.47,26.91,26.91,90.81,156.9,157.2,-0.1,378,3.717,08:53:59,8/6/26,-0.83,1,0.005,0.003,0.012,-0.065,-0.11,-0.264,1,150,0.005,2,0.058905,0,0.02923,0,0,-0.000068,standard,0,mpf,7000,500,5,2,300,300,300,210.681442,25,-4.18471,212.49855,211.076263,1.422287,2.474028,2.493531,1.65754,0.939236,0.237591,-0.017944,0.131905,0.447512,62.031982,0.000241,2.38896,-0.000025,1,2.402765,-0.000034,1,0.600816,0.600971,0.107301,0,PSF-00438_20260806090412_f57,PFA-00474,PSA-00486,PSF-00438,RHS-00603,3.0.0
PSF-00438_20260806090412_f57,09:04:12,8/6/26,PFA-00474,PSA-00486,PSF-00438,dust_05_05,0,0,217.058273,62.031982,0.714215,384.8797,TIME,0,0.01,0.02,0.03,0.04,0.05,0.06,0.07,0.08,0.09,0.1,0.11,0.12,0.13,0.14,0.15,0.16,0.17,0.18,0.19,0.2,0.21,0.22,0.23,0.24,0.25,0.26,0.27,0.28,0.29,0.3,0.31,0.32,0.33,0.34,0.35,0.36,0.37,0.38,0.39,0.4,0.41,0.42,0.43,0.44,0.45,0.46,0.47,0.48,0.49,0.5,0.51,0.52,0.53,0.54,0.55,0.56,0.57,0.58,0.59,0.6,0.61,0.62,0.63,0.64,0.65,0.66,0.67,0.68,0.69,0.7,0.71,0.72,0.73,0.74,0.75,0.76,0.77,0.78,0.79,0.8,0.81,0.82,0.83,0.839999,0.849999,0.859999,0.869999,0.879999,0.889999,FLR,128.536819