"id","Date","dust_status","gsw","gbw","gtw","E_apparent","VPcham","VPref","VPleaf","VPDleaf","Fm.","PhiPS2","ETR","rh_r","Tleaf","flow","Qamb"
"dust_06_06","8/4/26","pre_dust","0.22574","2.922556","0.209554","4.873383","2.000503","1.879011",4.034674,2.03417,321.773834,0.625112,102.950668,41.54,29.06,156.8,412
"nodust_06_16","8/4/26","pre_dust","0.306942","2.922997","0.277773","5.809883","2.118004","1.973394",3.947363,1.829358,358.196106,0.613816,99.823257,43.28,28.68,156.9,407
"dust_09_09","8/4/26","pre_dust","0.300496","2.922292","0.272477","5.632601","2.17178","2.031585",3.978951,1.807171,292.627502,0.577483,128.458481,44.35,28.82,156.8,556
"dust_05_05","8/4/26","pre_dust","0.338142","2.923022","0.303081","6.170018","2.223883","2.070498",4.002744,1.778861,378.860474,0.649152,127.766235,45,28.92,156.9,492
"nodust_05_15","8/4/26","pre_dust","0.367188","2.921966","0.326196","6.034578","2.228668","2.078532",3.846592,1.617924,352.89621,0.62974,117.982689,45.01,28.23,156.7,468
"dust_08_08","8/4/26","pre_dust","0.119803","2.9234","0.115086","2.740662","2.18858","2.120441",4.266721,2.078142,379.01712,0.583745,99.017525,45.8,30.03,156.9,424
"dust_07_07","8/4/26","pre_dust","0.108389","2.921003","0.104511","2.604728","2.17819","2.113304",4.352045,2.173855,336.461334,0.634598,117.653847,45.53,30.37,156.6,463
"nodust_08_18","8/4/26","pre_dust","0.174336","2.923113","0.164523","4.172153","2.270244","2.16659",4.479419,2.209175,330.392273,0.383793,105.644615,46.52,30.88,156.9,688
"nodust_03_13","8/4/26","pre_dust","0.259675","2.921942","0.238481","5.112556","2.303854","2.176774",4.174262,1.870409,369.190979,0.660891,138.831268,46.61,29.64,156.7,525
"dust_10_10","8/4/26","pre_dust","0.583792","2.923469","0.486618","8.852003","2.420416","2.200938",4.00801,1.587594,370.738434,0.413451,104.975281,46.95,28.94,156.9,635
"dust_03_03","8/4/26","pre_dust","0.140852","2.921125","0.134373","3.080827","2.333685","2.257078",4.332026,1.99834,339.353149,0.331613,92.950005,47.96,30.29,156.6,701
"nodust_01_11","8/4/26","pre_dust","0.422924","2.922101","0.369452","7.355599","2.411782","2.229195",4.148016,1.736234,359.532684,0.382065,118.326004,47.28,29.54,156.8,774
"nodust_04_14","8/4/26","pre_dust","0.322218","2.922059","0.290216","6.519444","2.370117","2.208186",4.3278,1.957683,251.644211,0.325447,105.411171,46.79,30.27,156.7,810
"nodust_09_19","8/4/26","pre_dust","0.294105","2.922519","0.267214","5.312643","2.314872","2.182893",4.050645,1.735773,319.776703,0.439088,117.785172,46.27,29.12,156.8,671
"nodust_07_17","8/4/26","pre_dust","0.109208","2.923477","0.105276","2.640205","2.281148","2.215585",4.465832,2.184684,352.577789,0.512141,149.340927,46.99,30.82,156.9,729
"nodust_10_20","8/4/26","pre_dust","0.219908","2.92046","0.204509","4.605776","2.305077","2.190459",4.268948,1.96387,278.537567,0.364134,114.24382,46.69,30.03,156.5,784
"dust_02_02","8/4/26","pre_dust","0.149198","2.922669","0.141951","3.074482","2.253746","2.177325",4.144304,1.890558,332.446838,0.484096,107.988144,46.51,29.52,156.8,558
"dust_04_04","8/4/26","pre_dust","0.193609","2.922269","0.181578","4.101907","2.28877","2.186821",4.2589,1.97013,323.720001,0.403444,121.586914,46.86,29.99,156.8,753
"dust_01_01","8/4/26","pre_dust","0.09015","2.922458","0.087452","2.207335","2.240605","2.185724",4.440115,2.19951,375.760712,0.271498,77.393448,47,30.72,156.8,713
"dust_06_06","8/5/26","pre_dust","0.128509","2.921254","0.123094","2.186939","1.717784","1.662914",3.284422,1.566638,346.141449,0.624774,114.344765,53.93,25.54,156.6,458
"nodust_06_16","8/5/26","pre_dust","0.228267","2.921894","0.211726","3.574736","1.823931","1.734402",3.311452,1.487522,386.052856,0.670119,88.304855,55.78,25.68,156.7,329
"dust_09_09","8/5/26","pre_dust","0.388279","2.91983","0.342706","4.84679","1.88563","1.764127",3.132514,1.246883,336.362244,0.593543,104.828384,56.19,24.75,156.5,442
"dust_05_05","8/5/26","pre_dust","0.439535","2.92154","0.382056","5.400595","1.962672","1.827557",3.208117,1.245445,369.410614,0.65184,109.220604,57.65,25.15,156.7,419
"nodust_05_15","8/5/26","pre_dust","0.265832","2.92173","0.243662","3.721232","1.939067","1.845955",3.28426,1.345193,335.220062,0.579126,108.631088,57.53,25.54,156.7,469
"dust_08_08","8/5/26","pre_dust","0.104313","2.921903","0.100717","1.848135","1.88924","1.84298",3.503844,1.614604,418.737976,0.634863,102.474258,56.82,26.64,156.7,404
"dust_07_07","8/5/26","pre_dust","0.091156","2.921317","0.088398","1.73693","1.918053","1.874573",3.645224,1.727171,362.52774,0.638726,124.873329,57.06,27.31,156.7,489
"nodust_08_18","8/5/26","pre_dust","0.289274","2.922783","0.263222","4.495693","2.021312","1.90904",3.522688,1.501376,378.664032,0.658222,161.693939,57.46,26.73,156.8,614
"nodust_03_13","8/5/26","pre_dust","0.323178","2.922572","0.290999","4.487487","2.058477","1.946433",3.414672,1.356195,370.602753,0.639432,94.350815,57.47,26.2,156.8,369
"dust_10_10","8/5/26","pre_dust","0.373865","2.921746","0.331452","4.958206","2.096769","1.972961",3.411899,1.31513,405.829559,0.417421,60.782734,57.25,26.19,156.7,364
"dust_03_03","8/5/26","pre_dust","0.210454","2.923036","0.196319","3.532266","2.081812","1.993674",3.661719,1.579907,359.481964,0.356869,74.949501,57.08,27.39,156.9,525
"nodust_01_11","8/5/26","pre_dust","0.341958","2.922622","0.306139","4.927481","2.106064","1.983089",3.520539,1.414475,410.028534,0.404513,86.749496,56.24,26.72,156.8,536
"nodust_04_14","8/5/26","pre_dust","0.308781","2.922801","0.279276","4.855557","2.157377","2.036292",3.683316,1.525939,354.709015,0.334014,77.360886,57.1,27.49,156.8,579
"nodust_02_12","8/5/26","pre_dust","0.157681","2.920499","0.149604","2.775561","2.114249","2.044872",3.742456,1.628207,427.95108,0.425007,97.366791,56.73,27.76,156.6,573
"nodust_07_17","8/5/26","pre_dust","0.100762","2.922358","0.097404","2.009209","2.104797","2.054643",3.913483,1.808686,384.366821,0.608076,107.683533,56.29,28.53,156.8,443
"nodust_09_19","8/5/26","pre_dust","0.069064","2.921188","0.067469","1.404554","2.083406","2.048303",3.909115,1.825709,342.028656,0.385435,84.542397,55.52,28.51,156.6,548
"dust_02_02","8/5/26","pre_dust","0.169588","2.922486","0.160287","3.100269","2.128442","2.051078",3.825111,1.696669,409.095551,0.447733,82.923622,54.97,28.14,156.8,463
"nodust_10_20","8/5/26","pre_dust","0.239606","2.922865","0.221452","4.088175","2.1524","2.050435",3.772133,1.619732,391.932037,0.461391,99.731941,54.44,27.9,156.8,540
"dust_01_01","8/5/26","pre_dust","0.060725","2.922998","0.059489","1.334031","2.096001","2.062712",4.060846,1.964845,379.242035,0.401648,69.16655,54.28,29.17,156.9,431
"dust_04_04","8/5/26","pre_dust","0.201544","2.921355","0.188537","3.567925","2.169642","2.080571",3.829214,1.659572,366.522949,0.422239,81.324661,54.3,28.15,156.7,482
"dust_06_06","8/6/26","post_dust","0.130062","2.922566","0.124521","2.054669","1.816461","1.764958",3.272532,1.456071,171.527557,0.68957,48.466984,57.79,25.48,156.8,176
"nodust_06_16","8/6/26","post_dust","0.302605","2.921799","0.274206","3.852047","1.914644","1.818123",3.154579,1.239936,369.797577,0.668748,47.890495,58.84,24.87,156.7,179
"nodust_05_15","8/6/26","post_dust","0.378302","2.921981","0.334938","4.293182","1.968858","1.861384",3.100014,1.131155,375.449158,0.677814,74.080368,59.39,24.58,156.7,273
"nodust_08_18","8/6/26","post_dust","0.319444","2.921058","0.287954","4.247016","2.00333","1.896967",3.303259,1.299928,374.58139,0.510814,80.595993,59.77,25.64,156.6,394
"nodust_03_13","8/6/26","post_dust","0.288219","2.920581","0.262331","3.440585","2.017779","1.931585",3.174596,1.156817,396.957031,0.668339,65.912491,60.33,24.97,156.6,247
"nodust_01_11","8/6/26","post_dust","0.467899","2.922071","0.403317","4.769891","2.117774","1.99855",3.160435,1.042662,414.493713,0.557621,66.557877,60.29,24.9,156.7,298
"nodust_02_12","8/6/26","post_dust","0.147462","2.923168","0.140381","2.236111","2.075019","2.01915",3.47714,1.402121,410.400391,0.553345,77.529953,60.47,26.51,156.9,350
"nodust_04_14","8/6/26","post_dust","0.301652","2.922572","0.27343","3.787849","2.125674","2.031048",3.345585,1.219911,379.729553,0.547578,70.560158,60.2,25.86,156.8,322
"nodust_07_17","8/6/26","post_dust","0.501957","2.9228","0.428386","5.689629","2.180396","2.038375",3.349577,1.169181,389.393005,0.529698,115.37233,59.8,25.88,156.8,545
"nodust_10_20","8/6/26","post_dust","0.283745","2.921709","0.258628","3.578331","2.161795","2.072385",3.379609,1.217814,408.476013,0.566013,83.563515,60.25,26.03,156.7,369
"nodust_09_19","8/6/26","post_dust","0.201819","2.922123","0.188781","2.995855","2.128401","2.053534",3.524468,1.396067,380.500702,0.548576,99.735039,58.98,26.74,156.8,455
"dust_02_02","8/6/26","post_dust","0.18317","2.92267","0.172368","2.820292","2.157311","2.086885",3.595889,1.438578,266.552551,0.622164,92.02639,58.89,27.08,156.8,370
"dust_03_03","8/6/26","post_dust","0.307754","2.921184","0.278421","4.199913","2.198755","2.093809",3.525179,1.326423,237.041016,0.582867,97.691574,58.33,26.74,156.6,419
"dust_01_01","8/6/26","post_dust","0.401227","2.923435","0.352806","5.0323","2.281555","2.156156",3.535072,1.253517,283.23349,0.53169,96.215607,59.1,26.79,156.9,452
"dust_04_04","8/6/26","post_dust","0.201113","2.922292","0.188164","2.947692","2.23392","2.160352",3.610586,1.376667,235.498138,0.651508,77.919281,58.4,27.15,156.8,299
"dust_07_07","8/6/26","post_dust","0.214446","2.92373","0.199792","3.322799","2.244877","2.162051",3.705536,1.46066,230.070145,0.695268,77.260544,57.83,27.59,157,278
"dust_10_10","8/6/26","post_dust","0.224723","2.922491","0.208677","3.41327","2.25159","2.166419",3.688448,1.436858,266.468628,0.586715,77.627594,57.3,27.51,156.8,331
"dust_08_08","8/6/26","post_dust","0.153977","2.92292","0.146272","2.458396","2.251467","2.190147",3.727476,1.476009,291.495544,0.590081,106.314011,57.28,27.69,156.9,450
"dust_09_09","8/6/26","post_dust","0.482032","2.922676","0.413787","5.284061","2.300941","2.169198",3.423943,1.123002,355.024628,0.671306,90.309883,56.13,26.25,156.8,336
"dust_05_05","8/6/26","post_dust","0.389948","2.923653","0.344059","4.966201","2.291566","2.167825",3.560064,1.268498,217.058273,0.714215,108.044716,55.58,26.91,156.9,378
